Sentiments,Sentiment Label,Posting Time,Contents
0.46693589124509227,Negative,2023/3/21 18:44,给你上香可以不
0.166487805340243,Negative,2023/3/21 18:59,关心年轻人上不上香？拜托关心一下年轻人就业好叭？该关心的不关心
0.49500719844798446,Negative,2023/3/21 18:45,要你管
0.10613490600138731,Negative,2023/3/21 19:07,能写出这个的人 是不是很有优越感
0.14677811085657722,Negative,2023/3/21 18:49,懂了，这周末就去上香，我佛佑我
0.9905350130161442,Positive,2023/3/21 19:03,首先认真生活认真工作和宗教信仰是不相悖的！尊重宗教信仰自由！其次，去环境清幽的寺庙上个香许个愿明确自己的奋斗目标、感悟人生的真谛，这和平时工作之余去饮茶喝咖啡放松精神整理思绪不是异曲同工吗？为什么要上纲上线去指责这些年轻人？
0.21599940386437377,Negative,2023/3/21 18:56,难道不是因为寺庙清净环境好不用被人打扰?
0.033192270176382266,Negative,2023/3/21 22:06,为什么关心年轻人都关心不到点子上？只会讽刺谩骂了吗？你们了解年轻人吗？
0.0003231055916460557,Negative,2023/3/21 18:59,一个人在社会化过程中遇到的困难情绪被通通用“似乎是不得了的大事”概括，可笑，“正是这些为了一些所谓宏伟的事业，为了一些远大的目标，去不计后果地牺牲别人、牺牲别人小猫的人，频频地让我们这个世界陷入大火。”
0.4121153237334704,Negative,2023/3/21 18:59,今年2月以来，预定寺庙景区门票的人群中，90后、00后占比近50%。那就是不足百分之五十，那另百分之五十多呢？
0.152894961328082,Negative,2023/3/21 21:43,那你去报警啊？
0.1346016770902737,Negative,2023/3/21 19:36,像地狱一样的国家 没有一点希望
0.6276621415529005,Positive,2023/3/22 0:13,你这是准备不要木琴还是批发的木琴？
0.00010198230144498055,Negative,2023/3/21 20:33,第三十六条　中华人民共和国公民有宗教信仰自由。 　　任何国家机关、社会团体和个人不得强制公民信仰宗教或者不信仰宗教，不得歧视信仰宗教的公民和不信仰宗教的公民。
0.05319043565384285,Negative,2023/3/21 19:24,上课不过是上层设计的陷阱，上香才能得到灵魂寄托
0.010235540206446903,Negative,2023/3/22 12:24,这依然不影响每年升学和求职时候那么多卷人
0.1098865610561599,Negative,2023/3/21 19:26,年轻人得努力工作，资本家才能有源源不断的韭菜割呀
0.7574144255084583,Positive,2023/3/21 19:22,佛家有云众生平等
0.3949933596488767,Negative,2023/3/21 18:46,本来近期打算去普陀山的
0.6952892601788158,Positive,2023/3/22 12:24,正想着后天休息干嘛呢，你刚好提醒我了，后天早起就去雍和宫给你上一香
0.0036708127149230885,Negative,2023/3/21 21:20,我他妈要钱，你多给钱少收钱就可以了别少给钱多收钱
0.2873597230733901,Negative,2023/3/23 23:26,闭嘴
0.27076248900681044,Negative,2023/3/23 15:44,现在就在普陀山，我马上就给观音菩萨告状
0.1767345448850074,Negative,2023/3/27 23:06,句句不谈薪资，条条不离奉献，桩桩不谈好处，事事皆讲境界，动不动就让你有格局，绕着圈给你画大饼...不拜神佛难到拜你们嘛？我们拜佛不是迷信，是求心安！
0.545603958599838,Positive,2023/3/21 18:52,说的蛮好的
0.906914133898298,Positive,2023/3/21 23:24,上香就是对美好生活的向往
0.0031524969174896444,Negative,2023/3/21 21:36,你管的真宽啊有这功夫不如管管每月107块养老金的农村老人
0.17226435213968505,Negative,2023/3/21 20:38,以前远离世俗，叫淡泊名利，现在佛一点，就这是问题，那是问题的。牛批，好话坏话都让你们说了，厉害，佩服
0.710788339154533,Positive,2023/4/5 14:19,我给你上100柱香，祝你一路走好
0.26806518686209924,Negative,2023/3/24 0:02,终于有媒体好好说话
0.22936597755647548,Negative,2023/3/22 10:41,不能上香吗？关你毛事
0.1749220375743733,Negative,2023/3/21 19:11,我们都卷成啥样了，看不到吗？
0.4199787460148775,Negative,2023/3/21 19:00,给你点了
0.49500719844798446,Negative,2023/3/21 18:59,用你管？
0.3284565201282167,Negative,2023/3/23 10:49,答主没有在批判上香啊 你们看完再说
0.23361825314691853,Negative,2023/3/22 10:26,这篇文章不是写得挺好的吗？我觉得没啥问题啊
0.47349710930122646,Negative,2023/3/27 0:08,未知苦处，不信神佛
0.3424647449677829,Negative,2023/3/23 13:39,要你管才怪wow～
0.040596710869525654,Negative,2023/3/23 7:17,笑死，现在寄希望于我佛你都不愿意，难道非要把人逼得寄希望于北约？
0.22241968717591987,Negative,2023/3/22 23:58,Uncertainty is the enemy of recovery，但个人的不确定性却不一定是坏事，他们只是希望在可预见的平庸中出现丁丁不确定性。
0.2727272727272725,Negative,2023/3/22 18:55,屁话多
0.9262504778000048,Positive,2023/3/22 17:13,如此清醒又美好的评论员文章点赞👍
0.20398796941919517,Negative,2023/3/21 18:50,上课上进有上香好用？？？
0.3240046207028475,Negative,2023/4/23 23:18,上不了香吗，古人也上香吧，现在的传媒人抨击历史文化！真是活在虚伪的世界出不来？我上我香怎么了，我也凭自己本事上岸了呀我图个心安怎么了
0.8399080002173531,Positive,2023/3/27 9:35,喜欢网上定票的都是年轻人，你在预定门票里统计，合理吗
0.2745607228776493,Negative,2023/3/26 5:55,懂了 上膛
0.4076606856174353,Negative,2023/3/25 14:56,我们上香求“国泰民安”。怎么？你不服气？
0.0842729860917385,Negative,2023/3/23 8:21,难道我们应该在拼命生存和生活的时候选择生娃？
0.08650253840709221,Negative,2023/3/21 21:15,多管闲事多吃屁
0.429070757065694,Negative,2023/3/21 21:13,清明节快到了，给你上一炷
0.4306094305309912,Negative,2023/3/21 20:11,你咋不问问年轻人为什么上香  关心一下年轻人咋活下去
0.0625292561289642,Negative,2023/3/21 19:59,这条微博不就是在说这“…属人之常情…”吗，评论区怎么都在嘲
0.2216950152408913,Negative,2023/5/15 16:23,当现世太苦，宗教的作用就会显现出来
0.0718690604008394,Negative,2023/5/1 12:11,年轻人上香一没违法二没乱纪，忧心年轻人上香干什么？
0.3569131832797424,Negative,2023/4/3 13:37,看看完啊各位
0.5876274839364364,Positive,2023/3/30 10:30,你应该庆幸我们只是上香而不是上船
0.11500696563411827,Negative,2023/3/27 22:29,官是官民是民，这才是普通老百姓的生活
0.2185927719540326,Negative,2023/3/27 1:41,万户青衿久县鹑，宫墙高锁上林春。也知圣意窥难见，聊把清香问鬼神。
0.3292910381787779,Negative,2023/3/27 0:20,活着的压力那么大，是想让他们上街吗
0.43528252167875714,Negative,2023/3/25 0:29,希望你下辈子别生在京城世家
0.17483716112861114,Negative,2023/3/24 19:43,阿弥陀佛🙏🙏🙏
0.22417782078080817,Negative,2023/3/24 16:50,文章写尽天下事，不肯俯首看苍生
0.21260646326441757,Negative,2023/3/24 16:37,你是吃饱了没事干？ 还关注这个？
0.462332440829472,Negative,2023/3/24 15:23,又是你呀北京日报
0.6316522446545636,Positive,2023/3/24 14:53,不上香难道像法国年轻人一样上街吗？
0.27050192773948556,Negative,2023/3/24 12:55,年轻人不上香，难道上街？要不上山？
0.025269389191369007,Negative,2023/3/23 16:01,你有空就想想改变社会现状方法吧不要在这里废话连篇l
0.24571373656416395,Negative,2023/3/23 14:06,这什么破话题抹黑大学生，在校大学生有多少人，去上香的才多少？何况课余时间你管人家去做什么
0.18581178558232103,Negative,2023/3/23 3:03,上学有用的话上香干嘛，给点工作干干
0.5146547697194478,Positive,2023/3/23 2:44,远方传来风笛声
0.05474260133963471,Negative,2023/3/23 0:17,笑死，出来找工作月薪3k，我不上香保佑我中彩票我能咋整
0.019087827484272735,Negative,2023/3/22 22:55,不好意思，这周末去拜财神殿长跪不起，你咬我啊
0.6078945528541329,Positive,2023/3/22 20:02,给你上香🕯
0.5946564195770848,Positive,2023/3/22 19:21,哪个媒体人，让我长长见识，管得可真宽啊
0.2879700112070628,Negative,2023/3/22 17:53,很好笑今天下午才看到一句话，“文章写尽太平事，不肯俯首见苍生”，非常应景捏
0.26458078102590543,Negative,2023/3/22 17:00,中国人的信仰有儒释道和共产主义皆是 出发的！每一个信仰都是教人民群众要真善，教群众要热爱生活，热爱祖国的。而有一些 和敌人对此是非常害怕而恐惧的！//:怕你们有了信仰不信他们了//:上课有用我上香干嘛?
0.4627426484937923,Negative,2023/3/22 16:53,上个香咋的，少管年轻人，自己先把自己生活活好🙃
0.3166556865576724,Negative,2023/3/22 16:24,接世界毁灭
0.12150133381122619,Negative,2023/3/22 15:51,我看是哪个媒体这么没有本事就知道找“年轻人”的茬儿
0.24484300127874736,Negative,2023/3/22 14:53,要不要我给你上一柱
0.20723163213911222,Negative,2023/3/22 14:52,如果不是生活无望，谁又愿意求神拜佛呢
0.23236639241587365,Negative,2023/3/22 13:23,这些人平时不关心你的生活如何，却异常关心你努不努力。
0.5540771668989284,Positive,2023/3/22 12:27,管好你自己吧书背
0.42508606164794827,Negative,2023/3/22 11:22,评论区的人有仔细看这篇文章吗
1.314771768068379e-05,Negative,2023/3/22 11:20,被拖欠工资一年了，仲裁到二审流程走了一遍，法人悄悄变更了，执行又没钱，工会有说过话吗，我奋斗了为什么拿不到工资，拖欠工资那么久为什么没人替劳动者说话
0.2849235233521257,Negative,2023/3/22 11:06,哈哈 专家不在寺庙怎么知道年轻人在上香？专家不在学校怎么知道年轻人没在上课？
0.5351605881569008,Positive,2023/3/22 10:59,“管好你自己”
0.09641076042779895,Negative,2023/3/22 10:23,佛祖保佑了我，三年没被封控，坐标广州
0.4766189906194028,Negative,2023/3/22 10:17,年轻人上香是好事，等啥时候不上香了那事情就来了
0.21346924072094642,Negative,2023/3/22 10:15,搞这种媒体的属于是要流量不要家人了。
0.3610244841085526,Negative,2023/3/22 10:09,不是吧，这也管啊
0.5668765926710166,Positive,2023/3/22 9:58,南朝四百八十寺，多少楼台烟雨中
0.2391025743482732,Negative,2023/3/22 9:54,新京报整个就是一个营销号
0.25604647493191934,Negative,2023/3/22 9:38,不会发微博可以不发
0.17532369667303582,Negative,2023/3/22 9:10,难道去的人是退学了、辞职了去上香的，上完就在家躺平了？年轻人上香，你上纲上线
0.36577873898838387,Negative,2023/3/22 9:04,你们别管了，上个香还碍着你了，闲得慌啊
0.018649018332804412,Negative,2023/3/22 9:03,我本来想看看你能放出什么来，没想到正反话都让你说了
0.5293296095355146,Positive,2023/3/22 8:54,懂了，我天天上香
0.4772492257515356,Negative,2023/3/22 8:29,奋斗能让我买得起深圳的房？
0.646536538654935,Positive,2023/3/22 8:09,少对年轻人评头论足
0.5581029724523017,Positive,2023/3/22 1:43,就去心诚则灵～
0.015204419814190628,Negative,2023/3/22 1:19,年轻人快累死了 连个基本双休都保障不了！双休呼声这么高都跟聋了没听到一样
0.5595739410701194,Positive,2023/3/22 1:19,我祈求祖国繁荣昌盛
0.03848922654090603,Negative,2023/3/22 1:04,少他妈管我上香你也要管什么都被你管完了滚
0.009962730936676656,Negative,2023/3/21 23:27,不说别的，来回来去加班干活的，有几个老人？况且您这个烧香的数据是怎么来的能方便公布一下么？
0.3832265495814109,Negative,2023/3/21 22:37,靠自己有用的话还烧香干嘛？
0.5651642626983866,Positive,2023/3/21 22:21,只字不提房价
0.45153850174699994,Negative,2023/3/21 22:13,年轻人宁愿信神也不愿意信□□了
0.9083292367822676,Positive,2023/3/21 22:07,句句不谈薪资，条条不离奉献，桩桩不谈好处，事事皆讲境界 这兄弟说得真挺不错[尬笑]
0.09450425172245691,Negative,2023/3/21 22:05,这种文案都有工作年轻人没工作真的不值要不把你位置让一下吧
0.0959459911832573,Negative,2023/3/21 21:58,什么都评只会害了你
0.0346048487075874,Negative,2023/3/21 21:52,你们再抨击，人家该说现在年轻人反骨太重了谨慎发炎
0.11077791338314169,Negative,2023/3/21 21:50,我就问一个月三千无社保你干不干
0.4414817575736032,Negative,2023/3/21 21:33,据报道？据哪个报道？
0.4408270767155641,Negative,2023/3/21 21:18,不上香上你吗？
0.35908512877311993,Negative,2023/3/21 20:34,官媒的关注为什么这么奇怪？
0.21602279044837958,Negative,2023/3/21 20:33,要是太闲可以播天气预报
0.3340320092535307,Negative,2023/3/21 20:30,打车去杭州烧香
0.4544307015918032,Negative,2023/3/21 20:24,要你管，有用我还上香么
0.494701058674493,Negative,2023/3/21 20:23,去寺庙也得走过去
0.39107332624867097,Negative,2023/3/21 20:20,管那么多干嘛
0.41592201462225786,Negative,2023/3/21 20:08,少管我
9.123441359737416e-05,Negative,2023/3/21 20:01,上课和上进是为了让生活变得更好，然而现实是残酷的，年轻人要面对各种压力，而这种压力靠上课和上进并不能得到解决，人在无助的时候是需要一个心灵寄托的，而且“上香”不也是一种变相的上进吗，“上香”也总好过摆烂！想要解决年轻人上香的问题不如解决贫富差距过大，生存压力过大，各种不良内卷吧！
0.8320024742832808,Positive,2023/3/21 19:56,牛马真的不够了，韭菜快生小韭菜lalala
0.18992023043549056,Negative,2023/3/21 19:55,上香挨着谁了？媒体没什么评的可以预报天气
0.3820472934804361,Negative,2023/3/21 19:50,呵呵，我想知道写这篇文章的人有多上进？以为自己是什么努力的人？
0.23771997013606794,Negative,2023/3/21 19:41,去上香根本原因是什么你不知道吗
0.40085407345173973,Negative,2023/3/21 19:38,永远关心的是哪个媒体
0.41592201462225786,Negative,2023/3/21 19:36,少管
0.10031422196323214,Negative,2023/3/21 19:32,休息时间去趟寺庙就成不上进了？只有24小时住在办公室才叫奋斗呗
0.0017888300853496908,Negative,2023/3/21 19:30,说起来有点可笑，我们求的只是八小时工作制、不加班、双休等工人阶级用生命争取来的权益
0.5304065565417121,Positive,2023/3/21 19:26,新封 建主意
0.574735539758843,Positive,2023/3/21 19:09,烧个电子香都要管？
0.06886006023599256,Negative,2023/3/21 19:09,谁说不上课了？？？
0.5026225278167402,Positive,2023/3/21 19:05,才上过香，保佑我彩票中奖！
0.016153696700663356,Negative,2023/3/21 19:04,不上进？考得好不如报得好谁懂啊，要是也像高考那样知道分数以后再填报，我也不求菩萨拜佛了
0.7734591670784908,Positive,2023/3/21 19:02,生活太无聊我只是跟风好玩
0.3667216348954222,Negative,2023/3/21 18:52,“说到这，我的privilege就一展无遗了”
0.5,Unknown,2023/3/21 18:48,？？？）
0.4231716519099773,Negative,2023/3/22 14:56,真的笑发财，不上香难道上吊么
0.3331386823458904,Negative,2023/4/4 21:05,你怎么不说这是中国式解放神学的兴起？
0.07876788514218236,Negative,2023/3/22 11:13,这是北京日报评得 说年轻人不上进得是新京报
0.28837802078141206,Negative,2023/3/22 15:48,难道上街
0.012493648678364222,Negative,2023/4/15 21:59,不谈现在年轻人到底面对的压力，就搁这拼搏奋斗假大空，祝媒体早日倒闭，祝编辑早日辞退，永远找不到工作
0.08747320954754623,Negative,2023/4/6 9:19,腰疼吗，坐一会吧
0.7561287703606955,Positive,2023/3/24 11:07,快丨
0.34802709856719505,Negative,2023/3/22 14:15,只是生活压力大 寻找一个心灵寄托也不行吗
0.49500719844798446,Negative,2023/3/22 13:39,？
0.1280838792057324,Negative,2023/3/22 11:41,管的是真宽啊，多么高高在上的媒体，嘴一张，笑八方
0.11292761177508504,Negative,2023/3/22 10:40,我是坐到他家堂上让他子子孙孙拜了吗？这个应激反应是怎么回事
0.38704980900554664,Negative,2023/3/22 9:10,因为没有你这个破嘴
0.2916968202571141,Negative,2023/3/22 8:54,一个片面的现象就这样否定了年轻人们的努力？
0.7597030226215858,Positive,2023/3/21 21:57,我就爱上
0.6513950574331695,Positive,2023/3/21 19:34,不仅上香 我还抽出裤衩子里的皮筋 做成弹弓 弹你家玻璃！
0.41592201462225786,Negative,2023/3/21 19:22,少管我
0.47349710930122646,Negative,2023/3/21 18:54,未知苦处，不信神佛。
0.32298330097960737,Negative,2023/7/24 9:21,没办法，压力太大。其实也不过是一种娱乐而已！
0.6970894398257644,Positive,2023/4/6 17:45,建议考察一下宗教一开始存在的意义再来指指点点
0.10234231488497791,Negative,2023/4/5 19:57,高高在上，不食肉糜。 什么时候上层回到人民群众中间再来评价吧。现在的你们不配评价我们。
0.1886963255782771,Negative,2023/4/5 8:32,把人逼到上香，结果香也不让上。咋的，非得上膛
0.007747190050147346,Negative,2023/3/31 11:53,我用一首诗来回答新京报的问题，为什么年轻人不上课不上进只上香！ 《贾生》 李商隐 宣室求贤访逐臣，贾生才调更无论。 可怜夜半虚前席，不问苍生问鬼神！
0.3085723966788505,Negative,2023/3/30 17:22,关你什么事
0.016465050949588167,Negative,2023/3/25 15:31,要是生活多点盼头，也不至于上香了。能说出年轻人不上进不上课只上香的是什么zz玩意？
0.8393354318517405,Positive,2023/3/24 18:44,这就给小编亲🐴上香
0.37567803028568114,Negative,2023/3/24 16:38,fine，大家都上吊你们就满意啦
0.26585558613355287,Negative,2023/3/24 16:09,不上香难道上街吗
0.46573062884247685,Negative,2023/3/24 14:55,会评哥子
0.5804662738972873,Positive,2023/3/24 12:32,年轻人爱做什么做什么关你屁事
0.28169886933926924,Negative,2023/3/24 10:13,管你屁事
0.07646386183345089,Negative,2023/3/24 7:45,这篇评论不是在替那些被指责上香的年轻人说话吗为什么都在喷啊，要喷不应该喷新京报吗
0.3318399082254915,Negative,2023/3/23 22:17,有问题的不是这篇文章吧？怎么被冲了
0.20463815786210326,Negative,2023/3/23 14:09,这溢出屏幕的爹味
0.5236077674907892,Positive,2023/3/23 12:09,少来烦姐哈管那么宽，你家住海边呐
0.4769513787703543,Negative,2023/3/23 10:12,给田闻之妈上的
0.6184937327482155,Positive,2023/3/23 9:09,奋斗有用的话 我上香干嘛
0.49500719844798446,Negative,2023/3/22 21:41,要你管
0.13708311463390999,Negative,2023/3/22 17:30,你看不惯我的话可以给你也上香
0.6381694054789857,Positive,2023/3/22 15:56,看到一网友说，面试完拿着简历去烧香，结果一激动，把简历投进了功德箱，大家就说现在佛祖的业务范围这么广了嘛？
0.6871095601234237,Positive,2023/3/22 15:16,回复:狠狠点了 哈哈哈哈哈哈哈 笑死
0.6658224192844068,Positive,2023/3/22 15:00,明天就去寺庙[親親]//:上课有用我上香干嘛?
0.07744102574230616,Negative,2023/3/22 14:53,上香求得很多，就不能是去求平安的吗，管的不少，该管的不管，不该管的瞎管
0.49500719844798446,Negative,2023/3/22 14:46,怎么你了
0.605085834662242,Positive,2023/3/22 12:59,评论都在说啥，这个博文的意思不就是希望大家不要上纲上线，关注年轻人的需求嘛？这不是好事儿？
0.0065555619423758316,Negative,2023/3/22 12:54,那是有人画大饼，有人真信了，开始给这些人画大饼的人做大饼。做大饼没吃成被这些画大饼的人给吃了。吃不下去了赏给做大饼一口饭吃。做大饼的还得感谢画大饼的人，没让他们饿肚子。做大饼的还没地方说理去，只好去寺庙烧香拜佛。
0.10624545905267313,Negative,2023/3/22 12:42,没错是给你妈上的
0.077361609799804,Negative,2023/3/22 12:31,关老爷御用媒体罢了，还真指望它能放出什么好pi
0.3632811340057498,Negative,2023/3/22 12:22,干着美元价值的活，拿着越南盾价值的工资。我们的未来充满进步空间。
0.6204270518389806,Positive,2023/3/22 12:02,这个词条，笑得
0.22443135523453805,Negative,2023/3/22 10:46,关你屁事
0.41651886013701966,Negative,2023/3/22 10:33,行，以后给你烧
0.2363472033797981,Negative,2023/3/22 10:22,懂了，不让搞宗教是吧
0.22443135523453805,Negative,2023/3/22 10:08,关你屁事
3.133796725451887e-07,Negative,2023/3/22 9:52,咸吃萝卜淡操心，不上香上你吗？钱钱赚不到，211985毕业跪地捡碎银就是你们要的，考个公把一百五过不了面试线，考个研二百七进不了复试，干啥啊，我还能干啥啊？就行整个社会压榨这群年轻人，不行我们上个香，你给我几个钱啊，给我生活的希望了吗，再不上个香我就要委屈死了
1.2800551729696963e-09,Negative,2023/3/22 8:18,疫情后时代的后遗症，因为当下大环境不景气，全球经济民生都不好过，倒闭破产裁员降薪缩减开支等景象在世界各国上演，烧香拜佛玩祈祷上帝那套也就顺理成章。本来趁着疫情冲击，房价好不容易要打下来，结果各地政府着急第一时间保房价，甚至不惜炸楼拆新楼，强制稳定供需比例，三四十年后，人口腰斩定了
0.12518184741419058,Negative,2023/3/22 8:17,发这种文章的人是不是傻
0.22443135523453805,Negative,2023/3/22 0:42,关你屁事？
0.1937007317707481,Negative,2023/3/22 0:07,其实去寺庙上香已经算勤快了 我都直接躺床上心里拜
0.027779489944010805,Negative,2023/3/21 23:31,能不能先让老板，按时发工资啊？
0.006885812933836832,Negative,2023/3/21 22:59,真受不了了一天天对着年轻人骂了。。。
0.358550513228433,Negative,2023/3/21 22:19,回复:本来就没人信，无非就是放个屁不想让大家开心罢了
0.4243349879088707,Negative,2023/3/21 22:19,管的真多
0.023978123968959042,Negative,2023/3/21 21:46,急死了急死了
0.9259252050246098,Positive,2023/3/21 21:18,哈哈哈哈哈哈瞬间想到爱去寺庙的你
0.41592201462225786,Negative,2023/3/21 21:11,少管
0.22443135523453805,Negative,2023/3/21 20:51,关你屁事
0.21691509668970466,Negative,2023/3/21 20:00,闭嘴吧你们媒体
0.6492349782791413,Positive,2023/3/21 19:56,只是为了去感受一下烟火气，放松一下心灵，总是待在高层建筑里很压抑的嘛
0.22443135523453805,Negative,2023/3/21 19:54,关你屁事
0.017549969093137663,Negative,2023/3/21 19:41,还不上进？大批大批年轻人加班到九十点的一大把。 还要年轻人怎么样？ 要不集体埋了吧
0.3669138716056206,Negative,2023/3/21 19:36,这些招小日子都用，然并卵
0.22443135523453805,Negative,2023/3/21 19:33,关你屁事
0.1428571428571428,Negative,2023/3/21 19:31,多管闲事
0.386302394125434,Negative,2023/3/21 19:26,没女的事你少管
0.14901258151591168,Negative,2023/3/21 19:25,没新闻的话你可以不发
0.22443135523453805,Negative,2023/3/21 19:19,关你屁事
0.4243349879088707,Negative,2023/3/21 19:18,管的真多
0.05934266721656711,Negative,2023/3/21 19:17,劳资上什么管它屁事，制杖媒体
0.4573913043478257,Negative,2023/3/21 19:16,6
0.018007468157814177,Negative,2023/3/21 19:14,大可不用盯着年轻人，所谓上香热不过是社交媒介的推波助澜和当下年轻人无法排解的焦虑感，焦虑感是哪来的呢？？？
0.34777220522134145,Negative,2023/3/21 19:13,读书还有用吗？还不是要求要脱下孔乙己的长衫，还不如上香呢。
0.004481349052555372,Negative,2023/3/21 19:12,不上进？不上课？只上香？？说实话，京报说话真的欠考虑，不止一次了
0.22443135523453805,Negative,2023/3/21 19:11,关你屁事
0.08957250132723182,Negative,2023/3/21 19:09,上香是实打实的心理安慰，上课上进这快是了
0.36594639825436004,Negative,2023/3/21 19:09,上课上进有用的话我还上香？
0.18404958399520754,Negative,2023/3/21 19:09,你是用屁眼看到年轻人不上学不上进的吗
0.20161046483374812,Negative,2023/3/21 19:08,管你们球事！！！
0.23383725673700184,Negative,2023/3/21 19:06,关你屁事管好你们该报道的
0.12062678971136753,Negative,2023/3/21 19:05,关你屁事…
0.36111465509237994,Negative,2023/3/21 19:04,给你妈上香
0.22443135523453805,Negative,2023/3/21 19:03,关你屁事
0.22443135523453805,Negative,2023/3/21 19:01,关你屁事
0.23028171066697278,Negative,2023/3/21 18:59,关专家屁事
0.16268071345981516,Negative,2023/3/21 18:55,前面说的我不同意，但是【只上香】特别是电子香这个可就太tm典了。动不动就转个什么图片什么锦鲤转运气，转个吉祥物或者谐音梗祈祷，又或者特别是b站的弹幕，遇到什么烟花什么就搁那里上香，多少沾点...
0.39583953743634037,Negative,2023/3/21 18:54,🤒🤒🤒管那么多干嘛啊？
0.06281077517316613,Negative,2023/3/21 18:52,当你发现的未来毫无希望，你就只能诉诸神佛…
0.01137511239545641,Negative,2023/3/21 18:46,首先我乐意其次你又怎么知道我们不上课不上班?最后我自己的生活只要不违fa犯zui违背道德我想怎么过就怎么过
0.8448647223293317,Positive,2023/3/21 10:40,爱上香怎么你了
0.016542303227363164,Negative,2023/3/21 11:03,自己改革开放的红利吃得一干二净，翻身变资本家之后指责打工人不努力。真有你的
0.3231628337763153,Negative,2023/3/21 10:41,这么多年轻人为啥迷信，你们不清楚么
0.010126817022333867,Negative,2023/3/21 10:38,集体精神的沉沦是件可怕的事情，但让年轻人振作不能光靠打鸡血讲道理，明白年轻人的难处，让年轻人看得到希望、有奔头，奋斗才有内在的源动力。
0.0877819682613793,Negative,2023/3/21 10:21,越绝望越迷信，大家都太难了
0.6635611768607569,Positive,2023/3/21 10:51,奋斗毛线呢，资源都被把控。还叫人奋斗，那不是奋斗那叫奴隶而已。新时代卖身契
0.08959685899051983,Negative,2023/3/21 11:01,社会把年轻人卷的这么厉害，上上香解解压都不行了？
0.29046630377668126,Negative,2023/3/21 10:35,去送外卖吧，上点进
0.10354454724501316,Negative,2023/3/21 10:48,至于吗，成天盯着年轻人这不对那不好的，先管好自己吧
0.0033434159033927102,Negative,2023/3/21 11:10,不多说了末法时代，各自珍重吧，我继续念《大乘离文字普光明藏经》了，劝小编不要乱说话，小心造谤佛的口业，入阿鼻地狱，阿弥陀佛🙏🙏🙏
0.03494656850169886,Negative,2023/3/21 10:44,老人也得奋斗啊，别老指着年轻人，别老给年轻人派活儿，别老站在旁边指手画脚，自己跟着干啊
0.6944919993676635,Positive,2023/3/21 11:03,上香内容：领导要做好带头997
0.9831545925377341,Positive,2023/3/21 11:17,我给祖宗上香怎么你了？不是优良传统特色文化了吗？
0.17272800093250218,Negative,2023/3/21 16:28,现实生活中看不到希望才会诉诸宗教
0.3019162178011867,Negative,2023/3/21 11:57,韭菜稍微放松一点他们都看不过去。
0.07103987648861365,Negative,2023/3/21 11:21,不要一味的去责怪别人，而是思考这个社会为什么会让年轻人变成这样
0.7917811395994782,Positive,2023/3/21 14:37,《骆驼祥子》里面有句话，乱世的热闹来自迷信，，，，
0.006906809662281077,Negative,2023/3/21 12:44,是在给这tmd的现实上香，祭奠这不想过的日子，希望惨淡的一切都尽快死去。
0.5739489610268442,Positive,2023/3/21 11:19,少来。古之立大事者在于起义
0.21999579240039113,Negative,2023/3/21 11:01,建议编辑带头奋斗，今天再写10篇稿件
0.18882911834960703,Negative,2023/3/21 11:31,怎么奋斗啊？往哪儿奋斗啊？35岁就不要了，30岁找工作说不要30以下的。
0.48945954086019217,Negative,2023/3/21 11:55,大家好好干，他们的日子越来越甜
0.7714428422922287,Positive,2023/3/21 11:24,凭什么要求年轻人奋斗？不应该轻轻松松享受生活吗
0.49500719844798446,Negative,2023/3/21 10:43,呸。
0.2429330856873808,Negative,2023/3/21 13:02,确实。   我不努力，我老板怎么开九位数的豪车呀！周公子们怎么喝六位数一斤的茶味呀！！
0.17994378752132179,Negative,2023/3/21 11:31,年轻人奋斗了，他们才能拿丰厚的福利待遇，包括养老医疗教育住房啊。年轻人不当干电池了，他们可不就着急了嘛。
0.022183543237856873,Negative,2023/3/21 17:14,怎么不锐评一下媒体不事实不真相只流量
0.35316133205374745,Negative,2023/3/21 10:55,不懂就问，为了什么奋斗鸭
0.035833432508799556,Negative,2023/3/21 12:52,就得瞒着头干活给你们交退休金才行 是不
0.3016949152542372,Negative,2023/3/21 12:27,你大爷
0.3569095029309748,Negative,2023/3/21 12:11,奶头乐和宗教，最后更迭……符合规律
0.6008916420926674,Positive,2023/3/21 10:45,为房贷努力奋斗~
0.0452560884736769,Negative,2023/3/21 10:41,面对几百万上千万的房子你告诉我要奋斗。
0.06867486240795861,Negative,2023/3/21 12:08,各种门阀开始控制资源，不让信玄学有点指望还让人怎么活啊
0.41290169515005126,Negative,2023/3/21 10:44,鸡鸣寺的周边一个比一个贵但是卖的呼啦啦  有些还要守着时间抢
0.2587028301387547,Negative,2023/3/25 13:55,还不快去搬砖
0.04230438885909349,Negative,2023/3/23 0:19,新京报少对韭菜们指指点点🫵
0.4884453290081009,Negative,2023/3/21 17:50,看到评论区这么说，我就放心了
0.20986088054195529,Negative,2023/3/21 11:59,写这话的小编，没去拜过吗？
0.14698160307151986,Negative,2023/3/21 10:36,报告老板有人骂你！
0.501126398690723,Positive,2023/3/23 15:31,奋斗无法改善物质环境，还不让人家追求一下心灵
0.21288583852043907,Negative,2023/3/22 8:13,有什么资格批评别人？
0.22443135523453805,Negative,2023/3/22 1:10,关你屁事
0.2021250126655334,Negative,2023/3/21 20:14,是不是也算是精神觉醒
0.5,Unknown,2023/3/21 19:47,he tui、
0.2759268495659529,Negative,2023/3/21 16:08,吃蛋糕的时候嫌人多，吃的干干净净。现在来指责奴隶不努力？
0.36111465509237994,Negative,2023/3/21 12:28,给你妈上香
0.22443135523453805,Negative,2023/3/21 12:06,关你屁事
0.8459290288094623,Positive,2023/3/21 11:49,“田文镜，我爱你！”
0.6796995555096492,Positive,2023/3/21 11:36,要是有希望，机会多迷信的人自然就少了
0.4960316970849158,Negative,2023/3/21 11:23,不能为了奋斗而奋斗，想奋斗也得有岗位啊。
0.49500719844798446,Negative,2023/3/21 11:08,哦
0.31736999801107935,Negative,2023/3/21 11:01,奋斗你妈啊
0.6338199513381992,Positive,2023/3/21 11:01,呵呵
0.028915210739186348,Negative,2023/3/21 10:50,清朝和民国为什么不奋斗要造反呢，害的那么多人死
0.13859856043517849,Negative,2023/3/21 10:48,懒得听你们的羞辱了
0.6383903651527854,Positive,2023/3/21 10:36,寺庙的手串好买得很
0.9454898078778701,Positive,2023/3/21 10:29,加油(ง •_•)ง努力奋斗，给老板换新车
0.8187493905675193,Positive,2023/3/21 10:29,奋斗个鬼👻
0.2767065653638273,Negative,2023/3/21 10:21,奋斗无望
0.5174403778685702,Positive,2023/3/21 10:17,奋斗才有希望
0.29917396735520807,Negative,2023/3/21 12:59,写这篇报道的也可能刚上完香
0.04299863201300003,Negative,2023/3/21 13:02,你猜……为啥年轻人想上香……，非得把镰刀斧头拿出来才会让媒体学会闭嘴吧……
0.2398193294488985,Negative,2023/3/21 12:58,那先给年轻人缓解一下就业和住房的压力啊。
0.6666666666666666,Positive,2023/3/21 12:56,管太宽了
0.05899333299380549,Negative,2023/3/21 12:58,中国的学生已经这么累了放过他们吧
0.5676734518996797,Positive,2023/3/21 13:04,但凡上进有用呢
0.005779164057447939,Negative,2023/3/21 13:30,当生活无望才会寄托于超自然力量，所以搁这里骂年轻人不如改变社会环境哦，不然你骂死年轻人也没用
0.03173538854998326,Negative,2023/3/21 13:06,一线城市，工作PUA，到手微薄的工资，挤在10几平，最后连散心的权利也没了？
0.3285432072426798,Negative,2023/3/21 13:00,怎么？自我安慰也要管了吗
0.4105986242095542,Negative,2023/3/21 12:59,根本原因在于我们前面还有美国
0.6566905169785802,Positive,2023/3/21 15:13,奋斗你个锤子
0.9306689551270654,Positive,2023/3/21 13:09,静下来才能出诺贝尔奖获得者，喧嚣就丢了一切
0.42680525302718775,Negative,2023/3/21 13:42,上进改变命运的几率不一定比上香改变命运的几率大
0.5238238625653246,Positive,2023/3/21 15:36,拿香是因为没枪。。。跪谢这届年轻人吧
0.31359499145153547,Negative,2023/3/21 13:06,一个人的命运啊 当然要靠自我奋斗 但是也要考虑到历史的行程
0.24882885084828432,Negative,2023/3/21 12:59,只想索取只会抱怨，不愿意努力不愿意付出的人太多了，看看国外吧，社会发展到一定底部这样是常态。可是没有长辈的努力抚触，他们有什么资格享受现在拥有的
0.5487112194340817,Positive,2023/3/21 12:58,这条比较火，所以再发一遍赢麻了小编
0.2263415623344338,Negative,2023/3/21 15:02,为啥会上香啊？那还不是有追求嘛啥都不求不上进还上什么香
0.6963620132011004,Positive,2023/3/21 14:12,哪个dinner媒体评价的捏
0.30468749999999967,Negative,2023/3/22 8:49,。。。
0.0005501428358416494,Negative,2023/3/21 22:23,根本原因难道不是整个社会的风气不好吗？一切向钱看，没有信仰，每个人都活的那么累
0.029862841377434224,Negative,2023/3/21 17:49,看不惯年轻人可以尽量不说话
0.5270638875974154,Positive,2023/3/21 16:23,去趟泉州，寺庙多多门票全是跪拜之人，年轻人确实不少
0.3121061475952527,Negative,2023/3/21 15:29,怎么证明上香没用？
0.48525624458439287,Negative,2023/3/21 14:57,我想去上香！
0.15747241033806947,Negative,2023/3/21 14:28,反正做什么总有人跳出来说这说那的
0.22790493278969082,Negative,2023/3/21 14:21,砖家变成媒体人了？
0.04207451055052103,Negative,2023/3/21 14:14,求求你们别瞎指点年轻人了，管好你自己，我这年轻人的家长都看不下去了。
0.202343552169284,Negative,2023/3/21 13:35,奋斗是年轻人的底色…
8.197950746025029e-07,Negative,2023/3/21 13:33,都累死了 还底色是奋斗 房价红利一个没赶上 还要掏光父母腰包去买个根本不值钱的破房子 真的失望
0.26679350270454927,Negative,2023/3/21 13:30,还不上课“只”进香，标题党被你玩的明明白白
0.3759935338066336,Negative,2023/3/21 13:29,奋斗买房子当韭菜？
0.5707717183393621,Positive,2023/3/21 13:22,躺平也没有错啊
0.49500719844798446,Negative,2023/3/21 13:19,你管
0.1096464230202423,Negative,2023/3/21 13:19,佛祖是这样说的，帮你们问过了。
0.26224910053737127,Negative,2023/3/21 13:17,怎么可能不上课？？ 周末上香也要管？
0.6103056195095566,Positive,2023/3/21 13:11,放过年轻人吧年轻人中年人老年人想干嘛就干嘛
0.4256494380213618,Negative,2023/3/21 13:10,是的，有几次周末我去重庆南山爬山，路过老君洞，看到烧香的大多数都是年轻人，真的要不得
0.31835649704155977,Negative,2023/3/21 13:10,不上进只上香
0.0014301297714202077,Negative,2023/3/21 13:05,专家们也努努力吧，别台上乱说话了，下场来上上班，别一加班就说自己岁数大，不还没退休呢嘛，一个月就给三千块，别嫌少，大家不都这样，专家们也来玩玩吧，可有意思了
0.5725049454469028,Positive,2023/3/21 17:44,不上香，你们想年轻人上街？
0.3351962666514625,Negative,2023/3/21 15:20,为什么要奋斗，给那些拆迁户买单？
0.5167193003066414,Positive,2023/3/21 13:04,翻译一下：年轻人一定得卷！！
0.1840516461448215,Negative,2023/3/21 19:15,不上香，去船上开会吗？
0.16190703108220084,Negative,2023/3/21 13:18,大老爷们不也一边为人民服务一边上香祈祷么
0.35912489956814875,Negative,2023/3/21 13:14,向神佛多诉诉苦这也管？
0.572848157610767,Positive,2023/3/22 7:15,你可闭嘴吧
0.5123995120493294,Positive,2023/3/21 14:02,管的真宽
0.4574712643678157,Negative,2023/3/21 14:01,看看  写的这个
0.7020270855299562,Positive,2023/3/21 13:52,要么上香，要么上香
0.3624613169339461,Negative,2023/3/21 13:40,没点数吗？上香的和高喊口号的相似度高还是低呢？
0.7840646004237611,Positive,2023/3/21 13:29,你猜他们都求什么？可能只是氛围到了从众求个心安敬敬神佛，可能只是求家人康健，可能只是生活工作累了找点新鲜玩法，真是笑死了，年轻人真没躺平，只是没按所谓大人长辈那样的生活路径来过活罢了就开始上纲上线批判，但也说明了一件事，你们越急，说明你们所求更多，欲念更胜，真正要“拜佛的反是你们
0.16406736998297344,Negative,2023/3/21 13:28,基本所有行业被大公司垄断，怎么上进？
0.13812663091240895,Negative,2023/3/21 13:19,我不想当韭菜，也不会当韭菜。更不是廉价劳动力。
0.5023853747001116,Positive,2023/3/21 13:11,上香没问题，关键是不上香的时候是否努力。
0.11465728214880666,Negative,2023/3/21 13:09,这是我们上进年轻人最后心灵慰藉了 这也批评？自己管好自己吧嘴除了吃饭，还可以闭上
0.22443135523453805,Negative,2023/3/21 13:07,关你屁事
0.1372887739533296,Negative,2023/3/21 13:04,祥子到死都觉得自己不够努力
0.004646696155425678,Negative,2023/3/21 13:02,管人家上不上香呢 真的是管得好宽 那些搞封建迷信的官员 怎么不劝劝
0.33590164539687106,Negative,2023/3/21 13:00,奴隶躺平了，你们说谁害怕
0.37689625777455393,Negative,2023/3/21 12:59,讲道理谁不会讲
0.4317336496964239,Negative,2023/3/21 12:58,专家上进吗？
0.278573336069703,Negative,2023/3/21 12:57,你要不要看看自己在说啥
0.3962614974561999,Negative,2023/3/21 16:00,我来看看是什么媒体说年轻人上香的，怎么不说老年人去上香啊
0.23924304322087286,Negative,2023/3/21 16:52,这才是正常人的正常话
0.09379784193904706,Negative,2023/3/21 17:03,上班上进不如上香，求人求己不如求佛
0.40624999999999944,Negative,2023/3/21 17:01,有效引导
0.40890524043282594,Negative,2023/3/21 17:16,写得太好了  好感动
0.1951138694325525,Negative,2023/3/21 17:41,正常人该说的话
0.6456463797378745,Positive,2023/3/21 16:31,突然佛系的年轻人
0.02770500407004539,Negative,2023/3/21 18:41,正常人写的正常话，但却很少人听的进去。。
0.5135247132587033,Positive,2023/3/21 20:24,大力发展经济吧
0.18631940864153318,Negative,2023/3/21 17:56,良心媒体
0.22532649830520213,Negative,2023/3/26 15:34,背了，希望面试考这个
0.7579872207261622,Positive,2023/3/22 23:41,好！给你转了！
0.5832494636650328,Positive,2023/3/22 8:13,写得好棒，是真的理解年轻人，而不是站在高处傲慢指点，点赞
0.3480041302546988,Negative,2023/3/22 8:03,我们不忧心，我们是最世界最幸福的人
0.3812294241044417,Negative,2023/3/22 2:22,没这么复杂，其实就是为了发个朋友圈。
0.1130188234129903,Negative,2023/3/21 17:28,有良知的媒体👍🏻
0.286912563715798,Negative,2023/3/21 16:31,上香肯定是非理性，且一定耽误分析方法、积极作为的。
0.08370931872259868,Negative,2023/3/21 19:14,我们有的生活就够苦了 找点心理安慰怎么了
0.05214106516606065,Negative,2023/3/24 5:26,多为老百姓着想
0.3631691693298875,Negative,2023/3/23 7:44,上上香释释压吧
2.186487505928536e-05,Negative,2023/3/24 16:01,只是找了个点在支撑自己而已 刚刚去南普陀寺双手合十求健康的时候 眼睛里全是泪（前两天刚在医院抽了十几管血 明天回去继续上班了）
0.42111406802481643,Negative,2023/3/22 15:01,他们去上香又不是上街，有什么好急的
0.2784431137724548,Negative,2023/3/21 18:06,感动到了
0.08051941054305212,Negative,2023/3/21 17:49,应无所住，行于布施。拜佛进香并非有所求，结缘而已。正如金刚经所言：若以色见我，以音声求我，是人行邪见，不能见如来。努力上进奋斗与致虛守笃其实也并不矛盾
0.20875065864485776,Negative,2023/3/22 18:27,不如关心为什么只能上香去求
0.9422525312541621,Positive,2023/3/22 18:19,感谢中肯评价
0.20111985643675034,Negative,2023/3/22 18:25,终于有说人话的了
0.43908877798814105,Negative,2023/3/22 18:33,连休息的时间都是挤出来的，何谈生活
0.5138569671413643,Positive,2023/3/22 18:47,现实说不了真话
0.5166168497086201,Positive,2023/3/22 18:43,上进通道在哪里
0.5082495938831532,Positive,2023/3/22 18:42,加功德
0.5073400651272417,Positive,2023/3/22 20:26,求财求妻求子求好运，求个好未来
0.3101556644921897,Negative,2023/3/23 6:51,有些专家就是闲的慌，没事爱找存在感
0.655403066975089,Positive,2023/3/23 11:05,让一个无神论者信了神佛，不为别的，只为心有寄托。别说神佛，四维以上的都信一信，别管那么多~
0.3715332286760856,Negative,2023/3/22 20:09,求而不得
0.08505531117170462,Negative,2023/3/22 18:53,我的人生只想暴富 ，一个人住啥都不愁
0.01234610003473835,Negative,2023/3/22 18:51,今天去求了签  签上说失窃  哎  上个月刚刚失窃完
0.2348041314228707,Negative,2023/3/22 18:46,想干嘛干嘛 管得真宽
0.4829660115539207,Negative,2023/3/22 18:24,你是懂年轻人的
0.3869610344215323,Negative,2023/3/22 18:23,有所寄托总还是有希望的
0.31488078938269104,Negative,2023/3/22 18:22,求放过
0.33333333333333337,Negative,2023/3/22 18:22,杞人忧天
0.02248859225565536,Negative,2023/3/22 18:17,俺就是说这算不算媒体自炒啊，一天没事干
0.18138911757165177,Negative,2023/3/22 18:17,说了句人话
0.30398168663870373,Negative,2023/3/22 20:27,所以新京报是什么成分🤔
0.11307996316574787,Negative,2023/3/22 19:58,求啥？求佛祖保佑我主啊
0.859570992112758,Positive,2023/3/22 23:17,try to talk some sense into you
0.6588517282409674,Positive,2023/3/22 20:45,两家京媒火线对战
0.07351718616330871,Negative,2023/3/22 20:01,这是反驳新京报的么，还有来有回的
0.1362154416907242,Negative,2023/3/22 18:44,党员能不能去啊？
0.21468387392849386,Negative,2023/3/22 18:31,说的人话，就是这样
0.08649558850791417,Negative,2023/3/22 18:26,当现实问题进入死胡同的时候就只能追求精神上的慰藉了
0.49500719844798446,Negative,2023/3/22 18:19,就是
0.05302893046064916,Negative,2023/3/21 17:15,求人没用，只能求玄学。
0.3425681203745664,Negative,2023/3/21 17:18,因为卷不动了
0.42145854492533763,Negative,2023/3/21 17:19,可能日子过得太苦了，需要寻求一种心灵上的寄托
0.5636119376569143,Positive,2023/3/21 17:24,怎么从寺庙门票预订近一半年轻人推导出年轻人不上进这个结论的
0.8595709921127577,Positive,2023/3/21 17:17,斋饭好吃
0.44103836288026055,Negative,2023/3/21 19:56,安静，不争
0.17741862398598662,Negative,2023/3/21 17:32,一种寄托，一个可以诉说的地方，而且心诚真灵
0.5816293989261933,Positive,2023/3/21 17:38,生活太苦，希望神明保佑父母自己平平安安健健康康
0.18135629688205746,Negative,2023/3/21 17:16,心理医生
0.14206664976840144,Negative,2023/3/21 20:35,我就看不参拜，许愿了要还神
0.49500719844798446,Negative,2023/3/21 18:30,我愿意啊
0.014723733244167647,Negative,2023/3/21 17:50,卜以决疑，不疑何卜。同理，过得没那么如意才会想着去寺庙拜拜，不然你以为呢
0.33710754018559297,Negative,2023/3/21 17:46,一种寄托，而且寺庙不会太过吵闹喧哗
0.473065646836868,Negative,2023/3/21 17:44,因为人生太难了，想有点好运气
0.6008554218076688,Positive,2023/3/21 17:43,迷信那个，不如迷信这个。
0.6000776813297583,Positive,2023/3/21 17:42,求心安
0.49500719844798446,Negative,2023/3/21 17:38,最后还是要靠自己
0.8255880952458057,Positive,2023/3/21 17:33,斋饭真心好吃
0.46652988099268655,Negative,2023/3/21 17:29,现实生活有点苦。保佑父母健康 小朋友健康 自己能发财！大概就这样了吧
0.6064795654310128,Positive,2023/3/21 17:20,烦事太多，让自己静静
0.7280213432201743,Positive,2023/5/23 18:23,不喜欢上进，就喜欢上香
0.6249999999999996,Positive,2023/3/21 17:54,心里清净
0.6249999999999996,Positive,2023/3/21 17:19,清净
0.6314477677375856,Positive,2023/3/21 12:19,可能太内卷了，才在努力的基础上增加一些保佑罢了，不一定代表不努力
0.01996035372697491,Negative,2023/3/21 12:46,大抵是现实中看不到希望，号召专家解决实际问题，少高高在上俯视众生，激化矛盾挑起舆情，不然以后只能在路灯杆上俯视众生
0.571479440984301,Positive,2023/3/21 15:53,再奋斗也不过是“孔乙己”
0.00016321570291055743,Negative,2023/3/21 13:36,少他妈扯淡了，年轻人哪个不上进？谁他妈不是为了挣仨瓜俩枣天天奔波？哪有官老爷那么闲情逸致天天呆寺庙？
0.005284114603845924,Negative,2023/3/21 13:47,现在的专家有危机感了，以前制造焦虑让年轻人不断的内卷，自己坐收好处，现在，发现年轻人不卷了，开始急了，毕竟如果所有人都不卷了，自己就不能坐收利益了。
0.6363636363636364,Positive,2023/3/21 20:36,糙
0.13982474025133773,Negative,2023/3/21 13:09,那你禁掉寺庙不就好了
0.7082659107992006,Positive,2023/3/21 13:08,选择比努力重要多了
0.7002230638703574,Positive,2023/3/21 12:34,景区底下卖香，还是不是蓝海
0.02312091015635187,Negative,2023/3/21 12:29,大佬们说你们韭菜不拼命长 我们还怎么割
0.04376927750313042,Negative,2023/3/21 19:18,？官员还看风水拜大师呢。烧个香而已。有什么。和以前电子游戏危害青年一样，媒体就喜欢以小博大。
0.6235945956015877,Positive,2023/3/21 13:20,对，要奋斗！只要奋斗180年就可以买得起房买得起车娶得起老婆生的起娃，加油💪
0.10874478358267725,Negative,2023/3/21 12:34,举头三尺有神明，有无神论，我会两头下注
0.15101670647621512,Negative,2023/3/21 12:31,你咋知道人家不上课？人家就不能既上课又上香
0.17979130930788756,Negative,2023/3/21 12:29,就业压力大啊，到处都内卷
0.022755736243307623,Negative,2023/3/21 13:47,上班如上坟，年轻人去上点香没什么，也不妨碍谁。
0.32783141986565767,Negative,2023/3/21 14:11,大多数人靠努力是没用的
0.0013862196162301998,Negative,2023/3/21 13:51,国家不把房地产价格压下来，工资抬上去。不办事儿只讽刺？？
0.35375874065850477,Negative,2023/3/21 21:54,躺平虽然可耻但是有用
0.6085573125749594,Positive,2023/3/21 21:04,少评价年轻人 过好自己的中老年生活即可
0.2523383511527232,Negative,2023/3/21 14:06,你这么大了 出来乱说话
0.36805103335431644,Negative,2023/3/21 15:04,苏轼自己也是落魄一生
0.42853899686966224,Negative,2023/3/21 15:52,上香也要管，又没上吊
0.22281455423111607,Negative,2023/3/21 14:57,媒体也是资本的喉舌啊
0.6760198210669898,Positive,2023/3/21 13:43,小编生了几胎？没生三胎不配评
0.20543750610941836,Negative,2023/3/21 13:38,看到别人上香就自然的认为别人不上进？这是什么逻辑？
0.3566936135158195,Negative,2023/3/21 15:41,去上个香怎么了，管你们屁事。
0.9683517070218611,Positive,2023/3/21 15:26,寺庙岁月静好的氛围感带来逃离现实的错觉，沉浸式体验佛系生活的背后是年轻人对精神内耗的治愈和对压力焦虑的努力和解。
0.38006230529594953,Negative,2023/3/22 11:42,多想想为什么，
0.2652870092235132,Negative,2023/3/21 16:00,年轻人不卷资本家还怎么收割呢
0.4464964055456432,Negative,2023/3/21 15:41,是躺平也是解压
0.13552578724384468,Negative,2023/3/21 15:29,其实就是躺平的表现，什么心灵安慰，不就是觉得社会卷嘛。不卷咋个进步嘛
0.0821821437044723,Negative,2023/3/21 14:39,年轻人在上香和上进可能可以兼顾，但是媒体人你和你妈的存活确实只能选一个
0.1480990855010651,Negative,2023/3/21 13:23,又特么来指指点点
0.41592201462225786,Negative,2023/3/21 14:37,少管我
0.6366698332451516,Positive,2023/3/21 13:49,不知道，但雍和宫的手串是真好看
0.41342930943449185,Negative,2023/3/21 14:37,少指指点点行么！
0.12089114225544906,Negative,2023/3/21 14:40,媒体人都丧考妣了
0.2820096344923194,Negative,2023/3/21 14:45,哦，那放在1919年五月四日时候你这种媒体是不是也要来指责一句不务正业啊
0.8673070858521493,Positive,2023/3/21 14:01,雍和宫的手串就是好看 有力量
0.06062900796813553,Negative,2023/3/21 14:41,难道不是因为卷的太厉害吗？人家又不是天天不上课，没课的时候来不行嘛
0.002041575204458468,Negative,2023/3/21 14:45,不要把错怪到年轻人身上。年轻人这样，社会，资本家……（还有其他不可说的）一个也逃不掉
0.1345173533676124,Negative,2023/3/21 14:46,专家不说开始媒体评了，少管我
0.017494820524084242,Negative,2023/3/21 14:00,发这个是故意想博眼球么，简直无语了
0.14059238169753885,Negative,2023/3/21 14:57,韭菜不长了，所以急了
0.49500719844798446,Negative,2023/3/21 14:47,《你别管》
0.4987201177032754,Negative,2023/3/21 14:47,媒体不要整天扛着自以为优秀的旗帜对年轻人指指点点，贼喊捉贼
0.23978215160845495,Negative,2023/3/21 14:39,现在靠自己真的靠不下去了，社会太卷了
0.5078852256192316,Positive,2023/3/21 14:50,我觉得去寺庙道观纯属个人爱好，跟年龄无关。无论是放松心情还是修行，都挺好的。况且科学的尽头就是神学，早晚都要研究的。
0.1327943537705657,Negative,2023/3/21 14:42,没新闻写可以不写
0.049550735772925014,Negative,2023/3/21 14:41,又不能指望你，不然拜你也行
0.23096853202164325,Negative,2023/3/21 15:09,不会报道可以少报道
0.14631146733417255,Negative,2023/3/21 14:56,啊求人求己有用还用得着求佛吗？又要说年轻人不努力了是吧
0.19751155336230186,Negative,2023/3/21 15:07,其实我去寺庙也求过，但也只是求着玩，不会真把希望寄托在这个上面，这个标题过于片面了吧。
0.3940405203890901,Negative,2023/3/21 14:58,和着年轻人要24小时365天都打工你们这些专家才能闭嘴吗？
0.7437782101447493,Positive,2023/3/21 14:46,帅哥美女的事，你们少管
0.033666885440165495,Negative,2023/3/21 15:15,我已经在研究八字了我想看看为啥这么命苦
0.47697521368394846,Negative,2023/3/21 15:05,去enndt
0.9091499686844501,Positive,2023/3/21 14:59,迪士尼要比寺庙贵好多吧 门票
0.2975409431058569,Negative,2023/3/21 14:57,什么叫不上进啊
0.5358361774744024,Positive,2023/3/21 14:49,散了吧
0.5833333333333331,Positive,2023/3/21 14:49,假设
0.5022432701894314,Positive,2023/3/21 14:29,转发
0.8673070858521493,Positive,2023/3/21 16:50,雍和宫的手串就是好看 有力量
0.03893155461786546,Negative,2023/3/21 15:01,那怎么不反思为啥会有这现象啊
0.11216004928927037,Negative,2023/3/21 14:39,媒体难道心里没数嘛 为什么会这样
0.14434177777419277,Negative,2023/3/21 15:12,给他点了//:年轻人在上香和上进可能可以兼顾，但是媒体人你和你妈的存活确实只能选一个
0.5,Unknown,2023/3/21 15:08,#NAME?
0.45316168059968387,Negative,2023/3/21 14:58,没话说了给我
0.09670325117374479,Negative,2023/3/21 14:51,这个话题真的是一言难尽，敢不敢透过现象谈谈本质，天天年轻人怎么怎么样得
0.35704616480798557,Negative,2023/3/21 14:51,我虽然不上香，但是年轻人的事关你什么事
0.49500719844798446,Negative,2023/3/21 14:40,不然呢？
0.05400227759495113,Negative,2023/3/21 13:52,是没工作还是没学上了 屁话真多
0.0570262505565029,Negative,2023/3/21 13:49,禁止媒体随地大小爹
0.3694400881402531,Negative,2023/3/21 17:53,我就要上香又和你有什么关系真无语了现在干啥就被你们点评呗
0.4627557132597192,Negative,2023/3/21 15:17,怎么了嫉妒啊，下柱香烧给你好了
0.19080316130857422,Negative,2023/3/21 14:39,媒体人自己去不去吧？
0.2951233382102596,Negative,2023/3/21 14:38,生活已经这么苦了，还不能有点爱好了
0.6274043304563326,Positive,2023/3/21 19:15,有时间多关注关注实际市场不好吗
0.07351115916137085,Negative,2023/3/21 16:39,现在的媒体，好像那种每天在孩子身上挑毛病的父母
0.04546335579961536,Negative,2023/3/21 15:11,自己都说人家是周末去的了。还非得说人家不上班上学
0.535284445181241,Positive,2023/3/21 15:01,谁说去寺庙就是上香，我就是去玩
0.06469712302070152,Negative,2023/3/21 14:57,那中老年专家们让出位置给真正有实力的年轻人不就没上香了嘛～
0.7338972057548641,Positive,2023/3/21 14:47,呵呵哒
0.01017565743078963,Negative,2023/3/21 14:46,那我能咋办，我只能求佛祖让我彩票中个奖，然后。。。然后剩下的房贷慢慢还
0.37824423922178363,Negative,2023/3/21 14:46,年轻人做啥都是错
0.5,Unknown,2023/3/21 14:32,💣💣💣💣
0.2379416136986341,Negative,2023/3/22 22:31,新京报的京是东京的京吧
0.004347265952148183,Negative,2023/3/21 17:07,韩国日本躺平就是社会压力大，经济发展不好，到我们这就是年轻人承受力差，责任感差，自己不努力，双标溜
0.17723345007700764,Negative,2023/3/21 16:34,先买彩票，然后拜佛
0.8773822141295464,Positive,2023/3/21 15:17,同样的手，可以用力创造财富的时候，自然不会去合掌求佛拜神
0.6784669774235995,Positive,2023/3/21 15:16,奋斗不过那些一出生就站在巅峰的人鸭
0.17583749891125422,Negative,2023/3/21 15:15,请不要以轻视的眼光看待大众的信仰。这是一种危险的傲慢。
0.1304670190316487,Negative,2023/3/21 15:15,我不知道这个媒体咋想的 ，上香咋啦。是花他家钱了， 还是上香是没有顺带给他烧一支？
0.14767351756052294,Negative,2023/3/21 15:14,那不是上课和上班之余，才去上香的嘛
0.5997880447257113,Positive,2023/3/21 15:14,小目标在树上，年轻人跳一跳或许能够到。现在小目标在珠穆朗玛峰上，年轻人就不跳了，许愿祈祷小目标自己掉下来。
0.10131586088266886,Negative,2023/3/21 15:14,说起来…我之前还看过主流媒体点评过韩国年轻人沉迷挖比特币分析的可好了，阶级固化，社会腐败，经济凋敝，年龄人没有上升空间，努力得不到相应的回报，只能寻求于运气和暴富
0.2056744647080191,Negative,2023/3/21 15:14,年轻人的事，你少管
0.6129064104144446,Positive,2023/3/21 15:13,年轻人不求佛你们寺庙事业编怎么割电子香花券
0.014466433401992385,Negative,2023/3/21 15:12,凭什么说不上进，上香和上进又不冲突
0.6322709025363736,Positive,2023/3/21 15:11,哈哈哈哈哈哈哈//:年轻人在上香和上进可能可以兼顾，但是媒体人你和你妈的存活确实只能选一个
0.46349032446412575,Negative,2023/3/21 15:10,那你禁止年轻人上香呗
0.33427511354808126,Negative,2023/3/21 15:10,美女的事你少管
0.37729016445262464,Negative,2023/3/21 15:10,中午还在思考这周是去雍和宫还是去北动看我大萌兰
0.25712659727636644,Negative,2023/3/21 15:10,少管年轻人 管好你自己能不能活到退休
0.7057321051338505,Positive,2023/3/21 15:10,网红跟风罢了
0.728971962616822,Positive,2023/3/21 15:10,哈哈哈
0.013691026104592718,Negative,2023/3/21 15:09,小编你再不攻击心惊报我就攻击你了哦
0.8569166855420998,Positive,2023/3/21 15:07,都是去拍照打卡发朋友圈凑热闹的吧？说归说，闹归闹，我只信自己
0.1428571428571428,Negative,2023/3/21 15:07,别多管闲事
0.07732697106044983,Negative,2023/3/21 15:06,？去寺庙逛都不行啊那我这种想入道的大学生岂不是最不上进那一类
0.015088208945985837,Negative,2023/3/21 15:06,有些东西上班和上学之后也得不到也没得用，我可不就只能去上香了
0.2289406763290749,Negative,2023/3/21 15:06,不懂为什么迪士尼是最快乐的地方，没钱没去过。
0.003921232527558494,Negative,2023/3/21 15:06,学业压力大、职场太内卷，年轻人焦虑、入睡困难、脱发，早已成为常态，年轻人在努力过后找一个排解渠道，没有什么问题
0.2072657557517471,Negative,2023/3/21 15:05,年轻人精神空虚，总要有点儿信仰，比抑郁了强。
0.011296346380729183,Negative,2023/3/21 15:05,新闻媒体不调查不研究 成天造谣  建议媒体少管闲事 从而长命百岁
0.10691501640006973,Negative,2023/3/21 15:04,社会和专家需要反思，这社会是发展成什么样了，才会让年轻人去上香
0.40087423949934675,Negative,2023/3/21 15:04,是是是，全是年轻人的错
0.07516832282479069,Negative,2023/3/21 15:04,又开始反思了年轻人的事你少管
0.29899529999568497,Negative,2023/3/21 15:02,我一个朋友全职考公八年了还没上岸，前一阵上鸡足山许愿呢。
0.24371206578226567,Negative,2023/3/21 15:02,因为没有别的途径了啊，只能求佛了
0.1950357930714155,Negative,2023/3/21 15:02,那不是因为离火运嘛。。。
0.5123995120493294,Positive,2023/3/21 15:02,管的真宽
1.8610324996282124e-05,Negative,2023/3/21 15:01,应该反思的不是官员吗？人只有绝望无力改变才去求神，房价巨高不下，上层通道封死，压力大，你说说年轻人应该怎么样啊
0.6926716735540378,Positive,2023/3/21 15:01,我的建议是：最好不要管太宽！
0.3998995849136159,Negative,2023/3/21 15:00,少来指指点点
0.9762007190576117,Positive,2023/3/21 15:00,喜欢去有传统风格的景区，也能被批不上进，以后去西方风格的吧
0.5351605881569008,Positive,2023/3/21 15:00,管好多
0.11310076664164714,Negative,2023/3/21 15:00,当年上学时候学的鲁迅先生的文章是批判社会的，以后会不会解读是批判孔乙己骆驼祥子闰土小栓的
0.49500719844798446,Negative,2023/3/21 14:58,要你管
0.3715332286760856,Negative,2023/3/21 14:57,那应该求谁？
0.33185643499648976,Negative,2023/3/21 14:57,985211毕业的现在在京圈保姆里算上等，你让我上进个鬼
0.9249572765401128,Positive,2023/3/21 14:57,哈哈哈哈哈哈哈过段时间就去上香
0.27683278716650384,Negative,2023/3/21 14:56,谁不给财神爷上香
0.3018409895405547,Negative,2023/3/21 14:56,为什么去上香，你们不知道？？
0.41630697509768,Negative,2023/3/21 14:54,需要一些精神寄托
0.8939652891446345,Positive,2023/3/21 14:54,因为知道 这个时代不再是努努力就可以达成目标的，把希望寄托在寺庙。反映出来了什么自己体会。
0.41592201462225786,Negative,2023/3/21 14:53,少管
0.15044963003037892,Negative,2023/3/21 14:53,哪个媒体人写的哪个上班呗
0.004958051311993117,Negative,2023/3/21 14:53,社会太卷了，找工作没有经验，找工作又嫌弃年龄大，让人怎么办？躺又躺不平，卷又卷不了。
0.25893664565601204,Negative,2023/3/21 14:52,自娱自乐还不行了？
0.19693283624154734,Negative,2023/3/21 14:52,很真实，求己不如求人，求人不如求佛
0.14087619159685094,Negative,2023/3/21 14:51,年轻人活着真难，动不动就要被指点江山
0.2305190557951633,Negative,2023/3/21 14:51,如果这个新闻记者还有编辑能实名发出来就好了
0.49500719844798446,Negative,2023/3/21 14:51,要你管
0.7281082011904375,Positive,2023/3/21 14:51,随便，别管，想活得快乐一点
0.04136707336796319,Negative,2023/3/21 14:50,我这不到半年年光去寺庙拜佛就好几趟了，压力越大越不想努力，越想去拜佛
0.41592201462225786,Negative,2023/3/21 14:50,少管
0.3711533193647366,Negative,2023/3/21 14:50,田文镜我超尼玛
0.010815737438000128,Negative,2023/3/21 14:50,两三千块钱还指望我如何上进，把命交代进去？
0.27020498457077513,Negative,2023/3/21 14:49,花几块钱的香费，许几千万的愿
0.42233996070109736,Negative,2023/3/21 14:49,哈哈，最后一张里竟然有我的同款手串
0.32179975557586216,Negative,2023/3/21 14:49,那么社会给了年轻人一丝希望和安全感了吗
0.31875614094859583,Negative,2023/3/21 14:49,用不着你来指指点点
0.21286012261749376,Negative,2023/3/21 14:49,服了  周末去玩上个香都能被骂
0.493406475316599,Negative,2023/3/21 14:49,为了迎合某些人
0.3610244841085526,Negative,2023/3/21 14:48,这不是我嘛
0.1652433419670064,Negative,2023/3/21 14:48,年轻人的事儿你少管
0.056822499097956225,Negative,2023/3/21 14:48,是年轻人都不愿意努力？还是努力了也难以过好这一生？是时代逼迫下的无奈？还是真的当代年轻人不上进呢？这些问题值得深思。
0.5,Unknown,2023/3/21 14:47,啊对对对
0.27917427690785634,Negative,2023/3/21 14:46,心里的焦虑很明显啊
0.40240240240240177,Negative,2023/3/21 14:46,哪个媒体啊
0.3307155776556514,Negative,2023/3/21 14:46,你在放什么屁
0.3075877307906605,Negative,2023/3/21 14:46,至少还上香拉动寺庙经济发展，知足吧
0.06969359550480936,Negative,2023/3/21 14:45,这也管，事也太多了吧，医保改革不管，全面放开躺平死那么多人不管，管这事！
0.630133335271981,Positive,2023/3/21 14:45,你猜猜为啥
0.48793104192665293,Negative,2023/3/21 14:45,要不然怎么都自称为佛系青年
0.5734316132471708,Positive,2023/3/21 14:45,意满离
0.06485369766465143,Negative,2023/3/21 14:44,为什么不能上香，上香就代表不上进了吗，世界这么大天天按住这点屁事在这叭叭叭，还叭叭不到重点
0.07852175256073057,Negative,2023/3/21 14:44,我找点疏通自己压力的方式不行吗
0.08739621707923306,Negative,2023/3/21 14:44,房价、教育、就业三座大山压在年轻人身上啥时候解决了吗？
0.31481481481481466,Negative,2023/3/21 14:44,额
0.06751932504085512,Negative,2023/3/21 14:44,不明白，总盯着我们看干啥，有空还不如建设祖国，上香也要管
0.49500719844798446,Negative,2023/3/21 14:44,管我呢
0.40470187350022035,Negative,2023/3/21 14:43,NMD，少指指点点
0.45645557002724757,Negative,2023/3/21 14:43,奋斗要是有用为什么别人生下来就是少爷
0.6279066254872279,Positive,2023/3/21 14:43,我们还会敲电子木鱼
0.0023972968483244594,Negative,2023/3/21 14:42,当穷人老爷们还不满足，还要当一个只知道做牛做马的穷人
0.21494445858837985,Negative,2023/3/21 14:42,有点爱好不行吗？！干嘛指指点点的
0.4455958549222796,Negative,2023/3/21 14:41,跟你有什么关系
0.44119076556617065,Negative,2023/3/21 14:40,少来烦姐
0.6517651658218825,Positive,2023/3/21 14:40,上香只是想求得内心的平静。
0.41592201462225786,Negative,2023/3/21 14:38,少管
0.4779774406379891,Negative,2023/3/21 14:38,蛮有意思的现象
0.323593973514378,Negative,2023/3/21 14:49,说的没错啊
0.03366731948248736,Negative,2023/3/21 13:27,不然呢？只是一个心灵寄托而已，何必上纲上线？将年轻人讲的一无是处，不还是要靠年轻人交社保？
0.2651478953964854,Negative,2023/3/21 15:16,不耽误自己的生活进度不就好了，管那么宽！
0.22032675239779942,Negative,2023/3/21 15:11,闭嘴吧naocan媒体
0.45544599040366407,Negative,2023/3/21 15:02,管好你自己，少管我
0.00429853362379673,Negative,2023/3/21 15:00,都等着天上掉钱呢，这是不是也是社会不公平的恶化，当努力没有意义，何不选择佛系
0.23839809331993944,Negative,2023/3/21 14:57,什么大家长心态
0.6763371560503529,Positive,2023/3/21 14:49,乱世烧香拜佛，小编该读读史
0.40116797793819425,Negative,2023/3/21 14:49,谁说的
0.004515434508031935,Negative,2023/3/21 14:48,建议翻翻历史，看看以前百姓大规模信佛都是什么原因，能不能不要老是让年轻人反思
0.660683774955653,Positive,2023/3/21 14:47,我个人感觉年轻人上香也不免是在很辛苦之后去放松自身，又或许是调侃自身，班和学都是在上的吧，大多数都是平凡而努力的人
0.5013784432237284,Positive,2023/3/21 14:45,你闲没事吧
0.10720038981053548,Negative,2023/3/21 14:45,无所谓，掐老美脖子就完事了
0.025252678882394908,Negative,2023/3/21 14:42,你少来指指点点，等我考上中纪委，早晚查你
0.07925020441814312,Negative,2023/3/21 14:41,吓得连自个评论都删了
0.008388732542462196,Negative,2023/3/21 14:05,关掉寺庙，发现50岁以下上香的上学工作的开除，罚款，其行为计入信用系统
0.919114619593044,Positive,2023/3/21 15:38,娜美水疗
0.46413646209925885,Negative,2023/3/21 15:29,这家媒体有点嘴硬好笑
0.09049549221208664,Negative,2023/3/21 15:24,菜吃的满嘴流油，说厨子休息时间打牌
0.015793079552336775,Negative,2023/3/21 15:16,211出来上班天天996工资还少，985一个省就那些个名额，教育资源在谁手上你们心里没点数？就这样我们“幸福”的年轻人选择到庙里上两根香，还要被人说
0.03276416826019857,Negative,2023/3/21 15:15,你管老子，艹
0.009450013052750728,Negative,2023/3/21 15:15,哈批上个香被你杜撰成只上了是吧，你一天天的是不是只吃饭睡觉啊，我说啥比谁反对
0.34264479946831694,Negative,2023/3/21 15:14,在上学上班上进上香中，我想选择上吊
0.22443135523453805,Negative,2023/3/21 15:14,关你屁事
0.1520254916980961,Negative,2023/3/21 15:13,评尼娘勒个腿儿 管好你自己
0.15735703947236923,Negative,2023/3/21 15:12,昨天刚从五台山回来
0.00543881540631086,Negative,2023/3/21 15:12,你调查了吗？你怎么知道年轻人没有上学上班就一棍子全打死？作为媒体人不去报道社会焦点，整天盯着年轻人做什么？
0.6279069767441859,Positive,2023/3/21 15:11,我乐意你管得着？
0.22443135523453805,Negative,2023/3/21 15:11,关你屁事
0.22443135523453805,Negative,2023/3/21 15:11,关你们屁事？
0.728971962616822,Positive,2023/3/21 15:10,哈哈哈哈哈
0.1423086303833081,Negative,2023/3/21 15:09,媒体见不得人不卷的时候
0.3880046547747682,Negative,2023/3/21 15:09,现在批评年轻人已经是媒体的新职能了吗
0.04425553201027732,Negative,2023/3/21 15:09,多管闲事少活十年
0.008329977837633229,Negative,2023/3/21 15:08,刚刚看到一个评论的，单价1.5w的房子大多数人都住得起，为什么你们买不起，哭了啊
0.15021660408959714,Negative,2023/3/21 15:07,因为再怎么努力也买不起房子还不如躺平
0.34440402503237677,Negative,2023/3/21 15:07,关你p事
0.22443135523453805,Negative,2023/3/21 15:07,关你屁事
0.256004895529241,Negative,2023/3/21 15:07,干嘛？我就不能为自己积点功德吗
0.49500719844798446,Negative,2023/3/21 15:06,不然呢
0.22443135523453805,Negative,2023/3/21 15:06,关你屁事
0.09910098088430841,Negative,2023/3/21 15:06,好好努力给领导换房换车
0.22443135523453805,Negative,2023/3/21 15:06,关你屁事
0.352941176470588,Negative,2023/3/21 15:05,我弟就是
0.3299501166598433,Negative,2023/3/21 15:05,我爱怎么过怎么过，爱去哪去哪，关你屁事？闲着没事多管管自己。
0.13572367304656208,Negative,2023/3/21 15:05,你是不是没屁放了
0.36027998048816245,Negative,2023/3/21 15:05,关你p事，管的真宽
0.020464313844755444,Negative,2023/3/21 15:04,感觉内容写的还行，人家只是提了个热梗，说了一下客观事实，年轻人去寺庙，只是这个热搜标题。。。一言难尽。
0.22443135523453805,Negative,2023/3/21 15:03,关您屁事
0.14140801647037582,Negative,2023/3/21 15:03,不是“上班和上学之间选择了上香”，而是“上班上学同时也上香”
0.17143101768419533,Negative,2023/3/21 15:03,上学会把人上傻的
0.11110151718249617,Negative,2023/3/21 15:02,上什么课?丁真不上课一样进国企
0.1524775813060203,Negative,2023/3/21 15:01,lj媒体人，就只知道放屁
0.3161875945537065,Negative,2023/3/21 15:01,要你管!事儿多
0.0840413625102171,Negative,2023/3/21 15:01,国宝都保护不了，滚一边去
0.22443135523453805,Negative,2023/3/21 15:00,关你屁事
0.22443135523453805,Negative,2023/3/21 14:59,关你屁事
0.05950674982221171,Negative,2023/3/21 14:58,不上进就不去上香了，再说你是老登？土埋半截了张口闭口年轻人
0.22443135523453805,Negative,2023/3/21 14:58,关你屁事
0.050993504068712614,Negative,2023/3/21 14:58,人力所不能及也，唯有求神佛。请问社会反思了吗？
0.00023668484599870254,Negative,2023/3/21 14:57,虽然我不上香，但是上香犯法吗？损害道德吗？败坏风气嘛？没有管个屁啊。信神的人很不错了，真正到了年轻人不信彩票中奖，不信勤劳致富，不信佛祖保佑的时候才是真完蛋了
0.22443135523453805,Negative,2023/3/21 14:57,关你屁事
0.26293104860931127,Negative,2023/3/21 14:56,年轻人团结起来 撕烂坏种媒体
0.22443135523453805,Negative,2023/3/21 14:56,关你屁事
0.006469699325659217,Negative,2023/3/21 14:55,少管闲事吧，这批年轻人还不够卖命吗？有点心理慰藉都不行
0.22443135523453805,Negative,2023/3/21 14:53,关你屁事
0.22443135523453805,Negative,2023/3/21 14:53,关你屁事
0.18551029920026818,Negative,2023/3/21 14:53,遇到某些社会问题，媒体就沉默了
0.603123961201245,Positive,2023/3/21 14:53,上香了
0.027361247713720838,Negative,2023/3/21 14:53,辛苦做题的是年轻人，脱长衫的是年轻人，供养老金的是年轻人，延迟退休的是年轻人，生二胎的是年轻人，背房贷的是年轻人。 年轻人是你们爷爷，是你们衣食父母，对你爷爷还这么说话给脸了
0.28169886933926924,Negative,2023/3/21 14:51,管你屁事 吗的
0.22443135523453805,Negative,2023/3/21 14:48,关你屁事
0.4677597513860582,Negative,2023/3/21 14:48,这么上纲上线，去哪里玩都要管吗未免管太宽了
0.027310772047533183,Negative,2023/3/21 14:47,社会反思了吗？压力不大不四处碰壁我们会上香？
0.22443135523453805,Negative,2023/3/21 14:47,关你屁事
0.3141133952362615,Negative,2023/3/21 14:46,你哪家媒体啊
0.1754512234469272,Negative,2023/3/21 14:46,求人求己不如求佛
0.13818665116945272,Negative,2023/3/21 14:46,不上进？在开玩笑吧 那为什么考公考研考编越来越难越来越卷
0.054950319145414595,Negative,2023/3/21 14:45,傻批媒体，一天天盯着年轻人，不如关注下自己的母亲
0.6844920296156455,Positive,2023/3/21 14:45,手串有点好看
0.37026789732658294,Negative,2023/3/21 14:44,你怎么知道年轻人只上香不上进
0.1569141395663839,Negative,2023/3/21 14:44,啊对对对，年轻人不上进不上课
0.2536612517698048,Negative,2023/3/21 14:43,关你屁事管好自己
0.22443135523453805,Negative,2023/3/21 14:43,关你屁事
0.2295253660784139,Negative,2023/3/21 14:42,我做什么关你屁事
0.22443135523453805,Negative,2023/3/21 14:42,关你屁事
0.40004000400039974,Negative,2023/3/21 14:42,你以为他们想嘛？
0.49500719844798446,Negative,2023/3/21 14:42,别管我们
0.009549602148248293,Negative,2023/3/21 14:41,媒体没逻辑还好意思发，非黑即白的逻辑谬误，不能上班上学的同时上香吗，不能求己求人也求佛吗？非要选其一？
0.0005567117535518751,Negative,2023/3/21 14:41,评泥嘛，内蒙古露天煤矿坍塌你咋不评一评，甚至都不敢报道下最后死了多少人?
0.22443135523453805,Negative,2023/3/21 14:41,关你们屁事啊
0.316363216928657,Negative,2023/3/21 14:41,管你鸡儿事
0.027223045825772507,Negative,2023/3/21 14:41,不会吧不会吧，只不过利用节假日去上个香、真以为我们不用上班了？难道不是应该庆幸年轻人把压力给菩萨分享了而不是给社会添麻烦么
0.1686812618768042,Negative,2023/3/21 14:41,我清明还要上坟
0.41592201462225786,Negative,2023/3/21 14:40,少管我！
0.10906829057011913,Negative,2023/3/21 14:40,我上香关你屁事？又没给我出香火钱
0.49500719844798446,Negative,2023/3/21 14:40,啊呸！
0.1623665447113618,Negative,2023/3/21 14:40,别管 挂你屁事
0.5351605881569008,Positive,2023/3/21 13:58,管好你自己
0.004704499125215089,Negative,2023/3/21 13:19,年轻人是没上班还是没上学？是没求人还是没求己？宗教盛行要反思的是社会
0.005302215614933714,Negative,2023/3/22 17:35,有时候去上香是为了让自己平静下来，减少不必要的情绪消耗，提醒自己做个善良的人，不然以现在的压力分分钟掀桌子
0.6875923030415692,Positive,2023/3/22 17:00,纷纷扰扰各种替年轻人发言，为啥不见那些上香年轻人的声音？
0.8214518464349824,Positive,2023/3/23 8:58,同意，通常只是淳朴的美好心愿。没必要什么都上纲上线。
0.4024763134124887,Negative,2023/3/22 16:58,封面抠图有白边啊，扣鸡腿。
0.03363987668699975,Negative,2023/3/23 7:17,其实不是信仰，只是太累了，物质生活完全是牺牲精神换来了
0.23485495939273615,Negative,2023/3/22 17:01,但凡现实足够美好，没人会向虚无的宗教祈求慰藉的
0.12057372787357601,Negative,2023/3/22 16:56,有信仰不好么？！
0.606625017042374,Positive,2023/3/22 18:25,某些人管太宽
0.10954790623685329,Negative,2023/3/22 17:00,所以能不能让年轻人静静  天天热搜讨来讨去 像stalker一样
0.37663098888739144,Negative,2023/3/22 16:58,奋斗个什么？祈祷躺平不香吗？
0.7401763818759783,Positive,2023/3/22 16:57,比信基督教强多了。
0.7414245509426022,Positive,2023/3/21 20:51,我也得找个寺庙上上香了流年不利
0.2382556549967152,Negative,2023/3/21 20:47,快评——快他妈别评了
0.0769020983321248,Negative,2023/3/21 20:46,新京报啊，不奇怪
0.2765193193140436,Negative,2023/3/21 20:47,随地大小爹
0.2951521550655595,Negative,2023/3/21 20:48,就不准人家上学上进的同时来上香吗少些管教多些理解吧
0.0021344350973211412,Negative,2023/3/21 21:01,新京报不监督政府不揭露奸商只敢评论年轻人生活。
0.2858783519372394,Negative,2023/3/21 20:51,少些说教，多些理解
3.5682502170564234e-05,Negative,2023/3/21 21:30,只是烧香拜佛又没危害社会抢劫放火的。。。连点心灵寄托都不允许有了？！有空扯这个还不如多呼吁社会提供多点工作机会和良好的工作环境呢！
0.055829030440985083,Negative,2023/3/21 21:21,你tmd才不上学不上进
0.06392150200317548,Negative,2023/3/21 20:50,捏叠，几千个人录几个人不烧香还能怎么办啊
0.2356908105520733,Negative,2023/3/21 20:55,我们唯心不唯物了，你管的着么
0.28393247931960874,Negative,2023/3/21 20:56,又开始批评年轻人。。。
0.3745540084560711,Negative,2023/3/21 20:49,我去上香就是不上进？
0.1595755495775597,Negative,2023/3/21 21:00,没新闻可以不发
0.0018124695406206426,Negative,2023/3/21 21:37,鼓吹世界没有救世主，美好生活由自己创造，结果人类只能不停出力不能休息，放松一下都会有罪恶感，这种生活东亚人还没过够吗？
0.0009563581572372692,Negative,2023/3/21 21:13,佛祖也要吃饭。。断佛祖的香火。。人争一口气，佛争一炷香。。小心嗷。。
0.013715393795171282,Negative,2023/3/22 0:11,年轻人班都下不了了还不上进，这是劝人上进吗上天堂吧
0.49500719844798446,Negative,2023/3/21 21:42,管得着人家嘛
0.3475095631193792,Negative,2023/3/21 22:12,我去找个精神寄托好过你发的毒鸡汤吧
0.167990372331289,Negative,2023/3/21 22:02,啊对对对不然你报警吧
0.4537136611191639,Negative,2023/3/21 21:54,问题是老年人也不会手机订票啊。这个比例很难有说服力啊。
0.2238282209165775,Negative,2023/3/21 21:28,你反思下自己
0.10067737049624548,Negative,2023/3/21 21:08,媒体做好权力的监督就好了，这样年轻人才有公平的奋斗环境
0.7813314776811608,Positive,2023/3/21 20:55,对对对 全世界中国年轻人最懒 就中国年轻人歇的最多 行了吧
0.8195493936934024,Positive,2023/3/21 20:51,我左手盘手串，右手洗盘子，务实
0.05833106554443612,Negative,2023/3/21 23:39,笑死，宁愿信鬼神都不愿意信某些车轱辘话。
0.013027215483908727,Negative,2023/3/21 21:51,原来是新京报 不稀奇 蹭流量什么都干
0.41269841269841234,Negative,2023/3/22 11:09,惹谁了？
0.04389647051036627,Negative,2023/3/21 22:08,上个香还要被说，神经，大概是没事找事
0.06494676420419687,Negative,2023/3/21 21:52,因为新京报只敢拿年轻人开涮
0.49500719844798446,Negative,2023/3/21 21:32,管得着嘛你
0.6095470936224145,Positive,2023/3/21 21:10,灵隐寺香火很旺吧！
0.3812949640287764,Negative,2023/3/21 21:09,差不多得了
0.603123961201245,Positive,2023/3/21 21:04,上香
0.036502897384746436,Negative,2023/3/22 8:39,不得不说，一楼评论真的非常棒，新京报能不能看懂就不知道了。
0.4874616440150965,Negative,2023/3/21 22:47,我点高香敬神明
0.6611750758772413,Positive,2023/3/21 22:20,寺庙存在的意义是啥
0.8065713465147866,Positive,2023/3/21 21:46,哈哈哈哈哈。我也上香
0.28876701166591756,Negative,2023/3/21 21:39,明白了找机会去上个香，要不然我怎么那么倒霉
0.040785650540558716,Negative,2023/3/21 21:38,相当清醒，知道自己靠不住只能靠老天爷了
0.5410734968408258,Positive,2023/3/21 21:22,如果年轻人觉得能够通过上学努力改变命运 谁又会上香呢
0.1839007904049439,Negative,2023/3/21 21:21,新京报像个笑话
0.01564964421290882,Negative,2023/3/21 21:20,新京报这样的怎么还没有被取缔？
0.44662382579608073,Negative,2023/3/21 21:14,还是实事求是的找找当下年轻人求佛，躺平的真实原因吧！！
0.3719332451729429,Negative,2023/3/21 21:06,这有什么逻辑关系吗？
0.3381151664968345,Negative,2023/3/21 21:02,卧槽，忘记许愿了
0.572848157610767,Positive,2023/3/21 21:02,你可闭嘴吧
0.6153846153846152,Positive,2023/3/21 21:02,迷信
0.23946398536827462,Negative,2023/3/21 20:58,别他妈评了，快黄了吧
0.2804501195648027,Negative,2023/3/21 20:52,少管别人
0.008615242136343348,Negative,2023/3/22 17:30,新京报这种无底线媒体为什么还活着？
0.20904563165532264,Negative,2023/3/22 12:57,被骂够了吗
0.14939074532212837,Negative,2023/3/21 20:46,它怎么知道我们不上学不上进？
0.13995895252577073,Negative,2023/3/21 20:46,媒体和专家不专注民生，不专注科研，只专注流量和利益
0.44516155588618356,Negative,2023/3/21 21:30,交给运气吧…
0.35742787958122924,Negative,2023/3/22 17:42,管好你自己把！！！
0.1382319536257154,Negative,2023/3/22 9:52,新京报能不能闭嘴，这是什么瘠薄快评
0.06969661084663803,Negative,2023/3/22 1:28,真逗，只有上进上学(有所求的)才会认真去上香，屁都不懂都乱放，年轻人做什么你们都要跳出来讲，你们家住海边吗管那么宽
0.22443135523453805,Negative,2023/3/21 23:38,关你屁事？
0.2828076124439193,Negative,2023/3/21 22:14,这就是为什么年轻人不喜欢这些媒体的原因，永远站在制高点上说教
0.4379807693459026,Negative,2023/3/21 21:51,这么严重啊 你上报联合国了吗
0.22443135523453805,Negative,2023/3/21 21:50,关你屁事
0.4489151157152551,Negative,2023/3/21 21:32,可见年轻人压力多大
0.23303290031185575,Negative,2023/3/21 21:30,咸吃萝卜淡操心
0.5516924231243288,Positive,2023/3/21 21:20,现在的年轻人压力太大了。
0.21406793817337177,Negative,2023/3/21 21:19,新京报还有什么可以看的，他们寻找汤兰兰的时候想什么呢
0.044337335176783066,Negative,2023/3/21 21:18,该张嘴时候闭嘴，不该张嘴在这放屁
0.5384615384615382,Positive,2023/3/21 21:16,🙏
0.08763307559702349,Negative,2023/3/21 21:02,该上进上进、该上香上香..谁都不傻…
0.008289340261769307,Negative,2023/3/21 21:00,现在的媒体最好闭嘴！！年轻人已经不听你们那千篇一律的说教了，搞愚弄百姓的那一套，没人听了！！！
0.16426583598319722,Negative,2023/3/21 20:57,看不到希望只能上香了
0.13129457488479457,Negative,2023/3/21 20:57,仔细想想，谁逼的，谁把国家搞成这样
0.044893006740128416,Negative,2023/3/21 20:56,我上香不也是为了上进吗？不上进我就躺家里等死了
0.38461538461538436,Negative,2023/3/21 20:54,我们被批判了
0.30828046164352507,Negative,2023/3/21 20:54,因为现实改变不了
0.34440402503237677,Negative,2023/3/21 20:53,关你p事
0.0399781713246693,Negative,2023/3/21 20:52,北京日报：  这才是媒体该发声的，而不是一直只盯着现象不看本质
0.2950299159162345,Negative,2023/3/21 20:52,奋斗成这样写这个稿子的人可谓是坏例子
0.4562084296775467,Negative,2023/3/21 20:48,少对年轻人指指点点
0.3143117027235054,Negative,2023/3/21 20:48,谁说上香就不上进了？两手抓不行？
0.5,Unknown,2023/3/21 20:46,gnps
0.22443135523453805,Negative,2023/3/21 20:46,关你屁事
