Media Name,Platform,Posting Time,Number of views,Likes Count,Title,Contents
新京报,微信,2023/3/20 15:30,41.6k,133,“不上课不上进只上香”？奋斗才是年轻人底色 | 新京报快评,"不上课不上进只上香？据媒体报道，如今一些年轻人格外偏爱寺庙游，到清幽禅静中去寻找心灵慰藉，将人生转机寄托于超自然力量，成为了一个引人关注的社会现象。
更有在线票务平台数据显示，今年以来，寺庙相关景区门票订单量同比增长 310%；2 月以来预订门票的人群中，90 后、00 后占比接近 50%。相关监测数据也显示，2019 年，“寺庙”在社交平台上还处于籍籍无名的状态，4年时间过去，而今的搜索量增长了 368 倍。
从数据看，原本是中老年人偏好场所的寺庙，如今确实在年轻人中也火了起来。在社交平台上，随处可见各大寺庙的种草笔记，以及关于“灵不灵”“准不准”之类的测评，年轻人似乎真的爱上香了。
其中原因倒也好理解。如今年轻人也面临不小的压力，考研究生、找好工作、摆脱单身等。而压力之下，年轻人寻找一个释放压力、转移焦虑的渠道，选中了香火氤氲、庄严宝相的寺庙。
但是，压力之下，一些年轻人如果真的把自己的生活希望寄托在神佛之上，这样的生活之路也显然走偏了。
“耕田欲雨刈欲晴，去得顺风来者怨。若使人人祷辄遂，造物应须日千变。”苏轼就曾写诗说，种田的人希望下雨，收割的人希望天晴，远行的人希望顺风，归来的人又正好相反，如果人人的祈祷都要应验，那造物主岂不是要一天把天气变个千八百次？
这在某种程度上也说明了求神拜佛的虚妄。如今许愿、祈祷几乎无所不在，除了实体寺庙，网络上还有“赛博许愿”，一段视频、一场直播都有无数人在许愿。且不说这么多愿望神佛能不能处理得过来，至少这些愿望本身很多就相互冲突——比如，一位考生祈祷考研上榜，则必然有另一位祈祷者要落榜，这种矛盾又该如何平衡呢？这也凸显了此一行为的现实荒唐性。
因此，只要仔细想想就能知道，乞灵于神佛终究是靠不住的。把逛寺庙当作休闲放松，当作积极的心理慰藉，这当然没什么。但年轻人如果入戏过深，把超自然力量当作了解答，而放弃了自身的努力、在现实世界的奋斗，恐怕就是捡了芝麻丢了西瓜，忽视了改变命运的真正关键——自己。
就像苏轼的另一句话：“古之立大事者，不惟有超世之才，亦必有坚忍不拨之志。”人生的路很长，世界上也没有筋斗云，想抵达理想的彼岸，终究还是要靠我们自己一步一步走过去。年轻人不该“不上课不上进只上香”，奋斗才是青春的底色。"
北京日报,微信,2023/3/21 12:48,29.1k,275,忧心年轻人上香，不如关心他们在求什么,"不上课不上进只上香？”据报道，烧香拜佛近来在年轻群体中颇为流行。还有数据称，今年2月以来，预定寺庙景区门票的人群中，90后、00后占比近50%。连带着社交媒体，每到祈福旺季，都会被电子祷告刷屏。
对广大年轻人的“突然佛系”，不少人十分忧心，认为这纯属年纪轻轻消极避世。其实，大可不必上纲上线。正如有网友所言，进庙上香未见得就是要“求菩萨显灵”，有时不过是一种心灵减压。对很多人来说，可能就是喜欢那种清幽禅静的环境，或将其当做旅行途中的一个站点，购买手串佛珠之类，希冀的也无非一个“好兆头”。类似于把自己难以对他人言说的心事吐露，也像不断普及的“心理辅导”，让大家得以歇歇脚步、舒缓情绪，为下一次出发蓄力罢了。
事实上，与其忧心年轻人上香，不如关心他们在“求”什么。当下社会生活节奏太快，不确定性极大提高，初入社会的年轻人，面临的烦恼和挑战比以往更多。工作选择、谈婚论嫁、适应社会等各种压力接踵而至，生育子女、赡养老人、自我提升等操心事分外集中，而就所处人生阶段而言，他们刚刚接触社会，生活经验不足，也难免对现实的复杂程度预估不够，都可能造成一定的迷茫与无措。在这个时候，祈福许愿、期待美好实属人之常情，大可不必渲染什么遁世逃离，似乎是不得了的大事。
青春如白驹过隙，怎么才能过得丰富而有意义，几乎是每一代年轻人的困惑。闯过眼前的迷茫，开启广阔的人生，既需要个体自身的努力，也离不开社会支持的援手。关注年轻人的所思、所忧、所盼，努力为他们提供更加丰富的舞台，给予他们才能施展的空间，方方面面都需要行动起来。也许，有时候不经意的问候，雪中送炭的援手，就是年轻人顶过压力、跨过坎坷的重要支点。
“早起上完香不耽误坐地铁搬砖”，谁还不是一边祈福一边奋斗？其实，年轻人从来都是最富朝气、最有进取心的可爱群体。正如路遥在《平凡的世界》的那句感慨——“要知道，春天的道路依然充满泥泞”。人生漫漫，尽管此刻跌跌撞撞，但只要坚持走下去，必能迎来一树一树的花开。
"
中国青年报,网页,2023/3/22 20:48,,,年轻人挤爆寺庙，不等于他们投向了佛祖的怀抱,"据说，“上香”成为现在年轻人最流行的时尚。
这个观察不乏数据支持。有旅行平台表示，近一个月寺庙相关景区门票预订量同比增长超4倍；另一家则具体到年轻人“上香”的比例：2月以来预订门票的人群中，90后、00后占比接近50%。
人间三月，春光正好。这个时候到寺庙里逛一逛，顺带烧炷香，本来没什么奇怪的。不过，当舆论抛出这届年轻人“不上课不上进只上香”的观点，好像事情的性质就变化了。对此忧心者认为，过去说的“佛系”只是一个抽象概念，现在年轻人挤爆寺庙，就是用实际行动“投向佛祖的怀抱”。
但是，事实真是如此吗？
首先，抛开“上香”这一行为，“去寺庙”并无必然的宗教含义。就像去欧洲城市旅行，教堂是不可遗漏的“打卡点”一样，在中国的风景名胜里，寺庙也是难以忽视的存在。一座城市的代表性古迹里，总是能列出一串寺庙的名字；而再优美的风景，没有佛堂大殿的点缀，好像就少了一点韵味。因此，与其说是年轻人特别热衷寺庙游，不如说这一现象释放了旅游行业复苏的信号。
寺庙也是承载中国美学的建筑实体。“不知香积寺，数里入云峰”“姑苏城外寒山寺，夜半钟声到客船”“人间四月芳菲尽，山寺桃花始盛开”“孤山寺北贾亭西，水面初平云脚低”……以寺庙作为意向的古诗词举不胜举，由于历朝历代的供奉和修缮，很多古诗词里的寺庙得以保留至今。在微博上，有网友称赞南京鸡鸣寺的樱花，认为这是“最有意义的美学课”。在不少年轻人眼里，他们热衷前往寺庙不是为了追随佛祖，而是为了追随心中的传统文化。
其实，不管是“深山藏古寺”，还是“大隐隐于市”，单纯就欣赏风景而言，寺庙的选址和园林美化也是得天独厚的。寺庙的晨钟暮鼓、落英缤纷、小桥流水，一步就是一个景观。一堵红墙，一棵开花的树，就能吸引拍照的年轻人流连半天，为了取得最佳光线效果得耐心等待，摆出不同的pose就为留下一个“决定性瞬间”。
那么，难免有人要反驳，如果一些年轻人去寺庙，就是冲着“上香”呢？有人发现，年轻人涌向寺庙，带动了寺庙的文创产业，其中有不少就是“开了光”的手串、红绳等；还有人发现，一些寺庙的求签生意越来越红火了。这难道是年轻人更“迷信”了？
要区分清楚的是，寺庙提供的一些“开光”服务，以及一些求签算卦的生意，上升不到“信仰”的层面。从佛教的原教旨出发，“命由己造，相由心生”，占卜凶吉也算不上是什么追随教义的做法。不要一看到部分年轻人上香了、求签了，就认为他们想要出家了、信佛了，产生这种不着边际的联想，先问问佛祖自己答不答应！
当然，从心理需求来说，年轻人在寺庙里求助于“不可知”的力量，是因为现实压力难以排解。那些上香的年轻人，当然是“有所求”的。但绝大多数朝着佛祖磕头的年轻人也应该明白，他们所求的东西还是要在现实生活中寻找答案，烧香拜佛不过是祈福求安，寻求某种心理安慰罢了。
因此，如果还是对年轻人涌入寺庙忧心忡忡，不如多了解他们需要的是什么，并设法提供切实支持——无论是考上研究生、找到好工作，还是寻得美满的爱情、抚养健康的下一代，这些年轻人上香时常见的心愿，都能在社会服务体系里找到相应的工作目标。解决好这些诉求背后的社会问题，年轻人对“不可知”的期冀自然少了，对未来就更有信心和确定感。
正所谓，佛不渡人，人唯自渡。烧香拜佛或许能换来一时的心理暗示，但好心情还是要自己去争取，佛祖不能陪伴你左右，以积极心态应对压力，才是“下山”以后的正确选择。"
中国新闻周刊,微信,2023/4/2 2:05,29.2k,202,年轻人“上香”：不过是寻求一种确定性,"现在网上流行一个梗：“在上班和上学之间，选择了上香；在求人和求己之间，选择了求佛。”如果你以为这只是年轻人的一句玩笑，那就错了：今年以来寺庙相关景区门票订单量不仅暴增，而且预定门票的人群中，90后、00后接近半数。
这是让很多人都看不懂的一个现象：社会愈加现代化、年轻一代所受的教育也更好了，为什么他们竟会转身去求神拜佛？
一种流行的观点认为，这说到底还是年轻人没能树立正确的人生观、价值观，以致于把希望寄托在神佛身上。有媒体就评论认为，这样的生活之路“显然走偏了”，毕竟向神灵祷告是虚妄的，“奋斗才是青春的底色”。
然而，“上香”并不必然只是指望天降横财，和“奋斗”也未必矛盾。正如另一家媒体指出的，仅仅说教没什么用，“与其忧心年轻人上香，不如关心他们在‘求’什么”，从根子上解决他们的内在心理需求。
对不确定性的恐惧
年轻人为什么上香？我以为是由于他们面临的风险和不确定性大增，原子化的个体又缺乏社会网络和公共机构可以求助，无论是父母还是亲友都无法有力地回应他们的困惑和面临的挑战，此时，神佛就成了最后的替代选择。
古人之所以求助神佛，与其说是愚昧无知，不如说是他们那时还无力掌控自己的命运，对一系列影响自己人生的外部力量都无能为力，于是转而相信这都是冥冥中有神灵的力量在左右。社会学家杨庆堃在所著《中国社会中的宗教》中指出：“生活越艰难，人们越是倾向于寻求巫术和宗教的帮助；越是贫困的阶层，其成员也就越迷信。”
这其中的原因不难理解：相比其他人，贫穷的人更难掌控自己的生活，因而宿命论对他们而言是一种可取的人生态度——把一切归结为“命运”，那就卸下了自己的心理负担，不用再为那些重要、但自己却无能为力的事而烦恼。
历史学家基思·托马斯曾指出一个耐人深思的现象：近代早期的英格兰既是“科学文明曙光”的时代，也是占星术流行的巅峰。他在研究了近代早期英格兰大众信仰后指出：民众之所以迷恋那些巫术、星座，与其说是愚昧，倒不如说是它们能在功能上填补了科学、宗教留下的空白。直到深入的现代化使得人们越来越有信心掌控外部环境，理性、科学、技术的发展，以及公共机构和法律规范的不断完善，更使越来越多的人意识到，无须求助于巫术就能解决自己所面临的问题。渐渐地，巫术就不再是最优、更别提是唯一选择了，到最后，它甚至成为多余的了——如果吃药就能治好病，为什么还要求助神佛？
这样说来，那到了今天这样现代的社会，又有什么必要上香？
荷兰可说是第一个真正意义上的现代国家，以其世俗、理性著称于世，号称“海上马车夫”的荷兰海员更是这段历史中最令人印象深刻的主角之一，然而正如《伦勃朗时代的荷兰》一书中所言，“平时看上去很凶悍的人却是尼德兰最迷信的海员”。因为海上生活要面临大海无法预测的种种风险，哪怕一个再有经验的水手也有难以应对的时候，此时除了跪下来祈祷上帝外别无良策。
仔细观察一下，你就会发现，越是在那些结果难以预测的领域，人们就越是迷信。“墨菲定律”中有一句俏皮话：“散弹坑中没有无神论者。”在危机四伏的战场上，没有人能避开所有风险。同样的，球赛结果极难预测（所以才紧张刺激），再老练的球员和体育记者都无法料见最终比分，因而球场上的迷信也格外突出，以致于有人相信章鱼能预测世界杯结果。 
即便是现代化的社会，也还是做不到掌控所有风险，甚至风险可能反倒比以前更大更多了。农民的生活是高度重复性的，日出而作、日落而息，勤恳种地就是，至于天要下雨，那也不是自己能管得了的。然而到了现代社会，每个人从就学、就业、投资到生活日常，几乎无不面临着抉择，社会的容错率又低，一步错步步错，而大部分风险又远远超出个体所能掌控的程度。
这样，从传统社会网络中脱嵌出来的个体，赫然发现自己要面对复杂的不确定性，而社会却又默认这都是个人的责任，这就给他们施加了极大的精神压力。这些年社会弥漫着焦虑，这不是偶然的，因为焦虑感的由来，说到底就是“面对不确定性，想控制又控制不了”。
无论是焦虑还是上香，本质上是一种对不确定性的恐惧。此时，“上香”就提供了稀缺的确定性——灵不灵且另说，但至少让人把这种压力转嫁给了一个超自然存在，最后就算事没成，那也是属于玄学的范畴。
求神还是求己
客观地说，当人们面对一个庞大、莫测又无法掌控的不确定世界时，“上香”确实可以坚定他们的信心，抚慰心灵，并在法律难以保障的时候约束立约者的行为。因而看似吊诡的是：求神可能“迷信”，但却并不必然是“落后”的。
有一次，同事出差回来，谈起一路见闻，惊讶地发现广东人非常迷信，另一位广东籍同事面不改色地说：“不是广东人迷信，是有钱人都迷信啦。”
这话其实颇有几分道理。自古以来，闽粤一带就有悠久的出海传统，而从事海外贸易不仅需要巨额投资，而且是高风险高利润的事业。正因此，对这些地方的人来说，在神灵面前的契约所奠定的商业同盟、信仰所带来的敢闯敢干，都是他们更好应对风险时极为关键的。
鲁迅晚年曾在杂文《〈如此广州〉读后感》中说，很多人对广东人的迷信“加以讥刺”，他也承认“广东人的迷信似乎确也很不小”，“然而广东人的迷信却迷信得认真，有魄力”，不像江浙一带只不过搞点仪式糊弄一下：“广东人的迷信，是不足为法的，但那认真，是可以取法，值得佩服的”，而“中国有许多事情都只剩下一个空名和假样，就为了不认真的缘故”。
鲁迅在意的并不是“迷信”本身，而是信众的主体态度：如果是自发的、认真的信仰，那也是好的，这样才能投入地把事做好。同样的，现在真正关键的恐怕也不是年轻人上香本身，而是他们是否有一种认真做事的精神，从而更好地应对自己所面临的种种不确定性。
不确定本身是个中性词，未必就一定带来恐惧，不确定也可能是机遇，相对于一潭死水的确定性，上一辈也曾有许多人抛弃“铁饭碗”毅然下海。他们面对的也是不确定性，但没有恐惧，更多的是相信“明天会更好”，尽管也是因为一穷二白，没什么可失去的，但更重要的是对未来的憧憬。对未来有好的预期让人倾向于选择挑战，拥抱不确定性，反之则宁愿选择稳定。
就此而言，现在更值得警惕的，是社会上弥漫的保守、畏惧风险的心态。风险社会里没有“绝对安全”这回事，但国人常有一个牢不可破的幻想：只要抱的大腿够粗、饭碗够铁、自己的欲求够低，就能换来安全。大多数人更加倾向于接受确定性带来的痛苦，而非不确定性带来的痛苦——谁也不知道地火何时上涌，就选择那个最坚固的岩块吧。
英国经济学家盖伊·斯坦丁创造了“朝不保夕族”（precariat）一词，认为现在的新工人阶层普遍受困于“4A”，即焦虑（anxiety）、失范（anomie）、异化（alienation）和愤怒（anger）。雇主们总是期待他们心甘情愿地抛开个人生活需要，去适应不可预测的时间表和不确定的职业前景，“你总在被评估、被打分。一直要担心下一块面包在哪里，这意味着对自己的生活失去了控制。”
这确实是当下无数年轻人的现实处境。美国著名剧作家莫斯·哈特在自传中就曾感叹：“我愿意斗胆做出这样的猜测：在一切成功的职业生涯的宏大设计中，运气始终是一个强有力的影响因素。”所谓“运气”，其实说白了就是一些普通人不可控的偶然性外部因素。仅仅责备年轻人“迷信”，加以“奋斗”的说教，并不能解决他们的困境，关键之处在于如何减少这种外部风险，给他们提供支持，重新夺回对生活的控制感。
这当然需要社会公共机构给予更多的保障，鼓励人与人之间的横向联结，而不是任由孤立个体去面对和承担所有风险，否则没有人能坚强到搞定所有问题。现代社会要开辟出新领域、新可能，无不需要冒险，但“冒险”并不意味着让人不系保险带一跃而下，而应当是在提供充足支持的情况下，鼓励人们向前探索未知。
年轻人上香，已经不是为了神灵面前的契约，而是个人主义的风险管理寄托，寻求好运来赢回对生活的掌控感。然而“好运”究竟从哪里来？在这个庞大的时代，每个人面临的不可控变量极多，也确实可能随时陷入复杂的潜规则，但这并不意味着个体什么也做不了。一个常识健全、认知正常的普通人，也能在暗礁遍布的大海上把握好自己的人生方向。这与其说是“运气”，不如说是一种活出自我的“通透”。"
光明日报（光明网）,微信,2023/4/4 12:49,3265,41,“年轻人不上进只上香”？先别急着给年轻人定义,"这几天，“年轻人不上进只上香”的话题在网络吵得沸沸扬扬。话题的起因据说来自这样一组数据：有在线票务平台调查显示，今年以来，寺庙相关景区门票订单量同比增长310%；2月以来预订门票的人群中，90后、00后占比接近50%。有网友表示：年轻人“在上班和上学之间，选择了上香；在求人和求己之间，选择了求佛。”
对此现象，一种比较有代表性，也几乎是习惯性的担忧：这是佛系、躺平，年轻人岂能如此消极避世？当然，从网上的讨论看，多数年轻网友明显不认同。也有声音认为，与其忧心年轻人上香，不如关心他们在求什么。
其实，任何话题的讨论，首先都应该从基本的事实出发。就此事来说，我们首先可能要搞清楚，在线票务平台显示的预订寺庙相关景区门票的年轻人增多，到底是不是可以等同于年轻人更爱“烧香拜佛”了，继而更进一步得出年轻人“不上进只上香”的结论？真相到底是什么？
年轻人的寺庙游到底在“游”什么
很多人在评价此事时，似乎忽视了一个关键词，那就是年轻人去寺庙，准确说是去寺庙相关景区。这意味着它首先其实是一项旅游行为，并不能狭隘地理解为是“烧香拜佛”。
比如，有媒体报道是这样介绍的：没想到继“露营”“围炉煮茶”之后，当下寺庙竟成了年轻人最热门打卡点。雍和宫中请手串，寒山寺里敲年钟，鸡鸣寺前等樱花，泰安寺外赏斜阳……这些热门的寺庙游项目，显然与很多人想象中的进寺庙“烧香拜佛”有明显差别，但也更符合年轻人寺庙游的本质——一种新的旅游、消费方式。
事实上，已有分析断言，年轻人群体中所涌现的寺庙游热潮，也是佛文化与当代文创的双向奔赴所塑造的结果。比如，一些自媒体博主们争相安利的永福寺，大多数推荐文案不是在说“这里许愿有多灵”，而是“这里开了浙江杭州首家寺庙咖啡”。
此外，很多寺庙开发的一系列周边文创产品，无论审美还是理念，都明显在向年轻消费群体的偏好靠拢。还有的寺庙，已是集文化、观光、社交、消费于一体的景区，其原本“拜佛”的属性实际上已大大弱化。
某种程度上说，年轻人的寺庙游，是对一种新的消费主义叙事的积极拥抱。将他们对寺庙游的热情看作“不上进只上香”，实则是对年轻人以及如今寺庙游的双重误读。
明确了这一事实，或许有利于我们作出更公允的评价。
祈愿求福、寻找“树洞”，有错吗
当然，不可否认年轻人去寺庙，除了拍照打卡，体验不一样的消费场景，其中或也的确是兼顾了寻找“树洞”的期待。
这些年电子木鱼、禅修营之类的看起来代表“佛系”的新事物在年轻人群体中早就火过。这些“玄学行为”虽然形式各异，但其实内核是一脉相承的，那就是除了尝鲜，确实不排除一些年轻人有一种诉诸传统文化，寻求精神寄托的追求。
要知道，在升学、就业、婚嫁等诸多方面，现代年轻人都承受了不小的压力。很多人需要片刻的“宁静”，乃至寻求心灵上的自我按摩，这其实是一种再正常不过的反应。只不过，一部分人选择了看起来更传统，也更“佛系”的进寺庙祈愿求福的方式。
至于“上进和上课选了上香”之类的说法，明显是互联网话语泡沫下，一种极端、片面的，也迎合流量的标签化评价，实在当不得真。退一步讲，它更像是年轻人的自我解构。就如这几年00后中走红的“保温杯里泡枸杞”之类的话题一样，更多是一种网络语境下被放大的调侃，与真正的“躺平”“不求上进”等，并无多少必然联系。
更何况，考试通过也好，事业顺心也罢，很多人去寺庙许下的愿望，都是“世俗”的。与其说这是在逃避，不若说是在寄托一种对更“向上”，也更“积极”的生活的期待。
寺庙作为社会的“缓冲地带”之一，提供了一个短暂逃离焦虑、寻求情绪出口的空间。虔诚许愿祈福的那一刻，可能是现代快节奏生活之下，被各种生活事务和焦虑填满的年轻人，难得可以丢下手机，让人“静下来”的时刻。自不必说，这样即使只是片刻的宁静，也会给那些时刻需要与生活“斗智斗勇”的年轻人增添一丝勇气与笃定。
年轻人到底需要什么
值得注意的是，最近一段时间，舆论中关于年轻人群体的种种评价和讨论不少，也屡屡引发争议。关于这一现象出现的原因，最常见的一种解释是，由于每一代人的生活方式、思维观念都会发生变化，自然容易放大代际差异。而“年长”的一代习惯性对下一代作出指导，表现得更“语重心长”，也就容易对“不一样”的新一代表现出更多的担心。
于是，争议就出现了。尤其是在今天空前活跃的互联网话语场中，这种争议受各种流量的驱使，则更会被进一步放大和强化。
比较耐人寻味的是，我们似乎很容易发现，“代际冲突”最明显的时候，也往往是社会和时代变化最快，而年轻人遭遇压力最大，也最需要帮助的时候。
过往的事实一次次证明，对年轻人的过度担心，既不必要，也未必是年轻人愿意接受的。与其习惯性给年轻人贴标签，给出一些“居高临下”的建议指导，乃至表现得忧心忡忡，不如将精力更多放在如何真正走近年轻人、共情年轻人，又如何给予他们所需要的帮助的议题上。
当然，不带偏见、真诚的理解，对年轻人而言，已是非常重要的帮助和减压。
"
大众日报,网页,2023/5/21 8:12,,,年轻人为何“在上班和上进之间选择上香”,"今年以来，寺庙游迎来空前火热。挤入寺庙的，除了常规的中老年游客，相较以往还多了一群年轻人的身影。“在上班和上进之间选择上香”虽是一句调侃的话，但年轻人主动涌入寺庙，也是一个不争的事实。这个结论不乏数据支持，某旅行平台显示，今年以来，寺庙相关景区门票订单量同比增长310%；从2月起，预订寺庙相关景区门票的人群中，90后、00后占比接近50%。
将寺庙热单纯地归结于年轻人的迷信，并不能完美解释这一切。促成寺庙热的背后，不全是年轻人单方面的热情奔赴。传统印象中主要承担宗教功能的佛门净地，正在悄悄变身，转型为兼具多元功能的文化空间。寺庙，接得住游客虔诚的心愿，在祈福之余也提供了更多的选项。
寺庙热的另一面
寺庙热，是伴随着全旅游行业的复苏而顺势升温的。事实上，寺庙一直是旅游清单中的常见选项。深山藏古寺，寺庙多依山而建，是游览景区时顺便就可以打卡的地标。由于环境清幽，兼有自然风光与人文底蕴，寺庙一向是热门打卡地。
每年3月，南京鸡鸣寺外樱花盛开，赏花的游客便蜂拥而来；夜间亮灯的广州大佛寺，外形与电影《千与千寻》中的汤屋相似，被称为“现实版《千与千寻》打卡地”……凭借高颜值的外表和得天独厚的地理位置，寺庙有被年轻人青睐的最直接的理由。
但眼下，年轻人对寺庙旅游的期许悄然发生变化，他们的的确确是奔着上香祈福而来。在北京读研究生的李薇，前段时间从小红书上种草了雍和宫的网红手串，“听说很灵”。正好临近毕业，李薇被论文搞得焦头烂额，索性抽出一天时间，去雍和宫“拜一拜”，求个心理安慰。她向记者描述了当天的流程，先领一把免费的香，上香祈福许愿，然后就是重头戏——请雍和宫手串。
小红书上，有一个名为“雍和宫祈福”的账号，每天都会记录雍和宫外的排队实况。在九点钟开门之前，雍和宫外已经排起了长长的队列，有时直接排到地铁口，赶早排队的多半是为了网红手串而来。其中最火的香灰琉璃手串有五种颜色，分别对应着不同的寓意，如招财、事业、健康、学业、姻缘等，还有一个五种颜色混杂的自制款，象征十全十美。因制作时掺入了香火燃尽后的香灰，被视为有灵验的奇效。在明星同款效应和仅限线下购入的饥饿营销刺激下，雍和宫手串成为爆款产品，还催生了法物代请的生意。
和寺庙热一并走红的还有灵隐寺的十八子手串、普陀山的金刚菩提手珠、法喜寺的祈福御守等寺庙特有法物。虽然本质上都是为了祈求美好祝愿，但从寺庙爆款产品的走红中，不难看出当前寺庙热的另一面。
显然，将这些网红法物纳入传统的香火生意考虑或许已不适宜，从文创产品的角度分析或许更为恰当。从产品设计的思路看，手串的高颜值和自身的美好寓意是对年轻人消费心理的精准拿捏。李薇就是一眼相中了手串漂亮的外表，而其相较于一般手链不一样的转运功能，更是促使她下单的最关键理由。
在手串走红的路径中，社交媒体的种草则起到了至关重要的作用。在社交平台上检索相关字词，请手串流程和注意事项等信息十分详尽。不乏有人现身说法，证实手串的“灵验”，种草效果在传播过程中层层叠加放大，极容易让人产生似乎不拥有一件，就错失了某种潮流单品的遗憾。
寺庙经济的多样性
推出这些爆款产品的寺庙，一改其超离红尘之外的传统印象，拥有千百年历史的寺庙也在探索着寺庙经济的多样性。
位于济南市长清区万德镇的灵岩寺，唐代起就与浙江台州国清寺、江苏南京栖霞寺、湖北宜昌玉泉寺并称“四大名刹”，并位列其首。这座拥有1600多年历史的寺庙，运营思路却一点不老旧。据灵岩寺景区营销部部长韩欣介绍，目前灵岩寺除了历史遗留的建筑之外，还有“禅茶一味”茶社、九间房文创院、炎黄长裙汉服体验馆等一系列创新设施，都是为了探索寺庙多元的盈利方式。
实际上，这些创新举措在年轻人那里也具备相当的吸引力。在网友列出的旅游攻略中，寺庙游览上香之外，去文创商店买香灰琉璃手串、品尝一碗一块钱的素面、穿上汉服拍照打卡，也是游览灵岩寺的常见项目，去寺庙只能上香的刻板印象已被打破。
寺庙周边生意之旺，是承载旺盛香火的又一根底。这其中，寺庙咖啡是一个极具典型性的案例。最早在寺庙里自创咖啡品牌的，当数杭州永福寺的“慈杯”咖啡，谐音“慈悲”，为西式饮品赋予禅意文化。店内咖啡饮品的命名延续了这样的风格，美式叫“涤烦”，拿铁叫“停雪”，焦糖玛奇朵称为“墨白”，摩卡称为“欢喜”，还有“随缘”的盲盒咖啡。这波咖啡与寺庙的联动，不流于俗套，成功实现“1+1>2”的效果：即便一杯平平无奇的咖啡，由于咖啡店开在寺庙里，人们也愿意排队尝尝鲜；平时不会主动造访的寺庙，因为别有玄机，人们也会为了一杯富有美好寓意的咖啡前去体验寺庙的禅意氛围。
更有甚者如南京鸡鸣寺，除了供奉菩萨的大殿，还有法律咨询室、心理咨询室、图书馆、国学班等，生活中的困惑与烦恼，人们可以通过祈求神佛的形式得到情感上的慰藉，更能依靠心理疏导找到更实际的解决策略。一些寺庙还推出禅修营，吸引人们去寺庙体验真实的禅修生活。
祈福经济何以长红
寺庙热，也许在国内还只是个短期爆火的现象级事件，而在国外已经被纳入祈福经济的范畴。其中逻辑不难理解，去寺庙上香的年轻人，多是为了具体的焦虑而去，他们用一种接近心理疏导的方式，将烦恼告知神明，从而纾解内心的不快。当前，人们越来越愿意为情绪消费，为祈福买单，旺盛的需求自然地滋生一整套的祈福经济。
位于日本京都的清水寺，有健康、姻缘、事业、长寿等一切可以想象到的祈福项目，还有一年从头到尾定期举办的花样繁多的节庆活动，承接人们的祈福需求。在日本的诸多寺院群，也能窥见寺庙正在探索中的多元发展策略的一种更成熟样态，不光有“相声会”“摇滚live”“佛教医疗养生讲座”等将寺庙文化与现代休闲结合的活动，还承担着照看孩子、举办相亲会等日常的社区功能，寺庙文化真正融入日常生活中。
当前涌入寺庙的旺盛人气，一定程度上证实了这些已有探索的价值，而未来寺庙能否作出更创新的表达方式，某种程度上也是寺庙热能否延续下去的关键因素。不过，眼下更需要提醒的是，在香火旺盛的同时如何保持宗教文化不走形。前几年备受争议的河北易县“奶奶庙”，供奉的神祇古今中外杂糅，不光有孔子、耶稣、如来、济公等各方大神，还有十多尊手拿方向盘的“车神”等，需要什么神，就造什么神，利用人们的祈福心理，大做生意，走入了一味谋求利益的窄路，是管理者需要时刻警示的反面教材。探索寺庙多元化盈利方式的前提，是将寺庙文化摆在首要的位置。一旦失去最重要的内核，寺庙热也将无所依附。"
人民论坛,微信,2023/11/25 3:18,19.4k,187,热衷于“上香”的年轻人，到底在求什么？,"“上香”是一种常见的宗教或信仰活动，通常发生在寺庙、道观或祠堂等场所。传统观念中，热衷“上香”的通常是中老年人，近年来，年轻人参与烧香拜佛活动的现象日益普遍，甚至兴起了“寺庙游”的热潮。票务平台数据显示，2023年以来寺庙相关景区门票订单量同比增长三倍多；2月以来预订门票的人群中，“90后”和“00后”更是占比近5成。
随着年轻人“上香”的现象受到广泛关注，各种解读不绝于耳。有对年轻人“不上课不上进只上香”的担忧，也有声音认为，与其忧心年轻人上香，不如关心他们在求什么。那么，应该如何正确看待年轻人的“上香”现象，这背后又反映了怎样的社会心理？一起来看《人民论坛》独家文章。
年轻人为啥热衷于“上香”？
无论探讨何种社会现象，都不能脱离其所处的社会背景，同时也要超越固有的观念和刻板印象，以更客观、理性的态度来揭示该现象背后的真实面貌，从而了解其真正内涵。
世界百年未有之大变局与社会转型期的机遇与挑战。世界百年未有之大变局加速演进，在这样一个国际局势波诡云谲、科技变革突飞猛进、产业结构日益复杂和市场环境瞬息万变的时代，处于重要人生十字路口的“90后”“00后”面临诸多客观挑战。“90后”面临职业发展、家庭建立等关键人生议题，需要适应社会角色的转变，妥善处理与父母、伴侣、同事等的关系。职业发展的不确定性，技能需求快速变化，竞争压力加大，婚恋、住房、子女教育、老人赡养等方面的责任与负担让部分年轻人感到焦虑与不安。“00后”正处于青春期和成年早期阶段，同样面临升学、就业等重要人生抉择，部分年轻人对未来规划感到迷茫。加之，当前正值我国经济转型升级和高质量发展的关键时期，机遇与挑战并存，这与世界百年未有之大变局相互交织。随着我国经济社会的快速发展，数字化转型过程中不断涌现出新兴产业和新兴职业，对年轻人的综合素质提出了更高的要求。经济转型升级导致部分传统行业发生变革，加剧了就业市场的不确定性和竞争激烈程度。这种转型升级带来的变化，叠加疫情冲击，使得部分年轻人感受到生活的不易与艰辛，体会到理想与现实的落差。同时，高质量发展注重创新创造，科技发展日新月异，新技术、新技能、新应用层出不穷。为了在激烈竞争中保持优势，年轻人需要付出更多的时间与努力，维持和提升自我更新与迭代的能力，以适应市场与职业发展的需求。总之，年轻人成长在一个挑战和机遇并存的时代，他们需要在这个时代找到属于自己的定位。如何顺应时代潮流，发挥自身潜力，将成为他们人生之路上的重要课题。在此背景下，“上香”活动成为年轻人寻求心理平衡与慰藉的方式之一。
网络传播与社交媒体的影响。作为信息时代的网络“原住民”，“90后”“00后”成长于一个信息传播迅速、媒介多样化的环境，其价值观和行为模式自然而然地受这一背景影响。在互联网和社交媒体快速发展的过程中，传统与现代、东方与西方的文化价值观不断交融碰撞。面对多元化的环境，部分年轻人渴望从深厚的中华优秀传统文化中汲取养分，以应对“内卷化”竞争带来的精神内耗。在这种大背景下，年轻人对于中华优秀传统文化的研究和探讨变得更加热衷，国风、国潮成为“90后”“00后”的新时尚。他们希望在迅速变化的现代社会中找到一种新平衡，将中华优秀传统文化与现代生活相融合，形成一种更具个性化的生活方式和价值观，因此，年轻人“上香”现象可能在一定程度上折射出其精神需求。在面对现实生活中的压力和困境时，一些年轻人通过参与具有传统意义的民俗文化活动来寻求精神上的安慰和力量。需要警惕的是，在参与民俗活动过程中，年轻人需要保持清醒的认知，从中汲取积极、健康、有益的能量。此外，社交媒体上的信息传播也在一定程度上影响了年轻人对“上香”现象的认知。在这个万物互联的时代，尤其是伴随着自媒体行业的兴起，社交媒体上的热点话题、观点和潮流可以迅速传播并影响众多年轻人。当“上香”成为一种网络流行现象时，许多年轻人可能会受到这种趋势的影响，产生从众心理和群体行为，更愿意去接纳和体验这种活动。综上，网络传播与社交媒体的影响使得部分年轻人更容易接触和参与“上香”这一传统活动。这既是年轻人应对现代生活焦虑与压力的一种方式，也是他们在面对多元文化交融时，试图寻求身份认同和归属感的一种表现。
年轻人“上香”，到底在“求”什么？
要洞察年轻人“上香”现象，不仅需要关注宏观时代背景与社会特征所带来的外在影响，还要挖掘参与“上香”活动背后所隐含的功能与需求满足。
心理调适与复原。当下年轻人往往背负着学业、职业与家庭等多重期望，导致他们的心理压力和焦虑不断增加。而寺庙提供了一个宣泄情感、舒缓心情的场所，为年轻人带来心理安全感，使他们得以暂时摆脱现实压力与日常忧虑，放松高度紧绷的神经。在“上香”活动中，年轻人在肃穆的氛围里与神明对话，其实也是在叩问自己、反思自我，探寻内心的答案。借助这一仪式性行为，他们能更好地摆脱自我怀疑和否定的情绪，认识自身需求，获得作出决策的勇气，将注意力集中在可控、可变的事物上，从而实现自我和解与肯定。可以说，“上香”活动为部分年轻人提供了自我调适的机会，帮助其调整自身心态与行为，以新的精神面貌回归现实生活。
社交互动与认同。参观寺庙及参与“上香”活动为一些年轻人提供了一个相互理解和支持的社交平台，在此过程中不仅能够加深现有友谊，还有机会结识志趣相投的新朋友。在当今社会，个体面临着各种角色和身份的转换，在寻求认同的过程中可能会感到迷茫和困惑。通过参与“上香”活动，年轻人在与其他人共同经历祈祷和祭拜、分享生活和交流得失的过程中，建立起更紧密的人际关系，强化彼此之间的联系，从而获得认同感和归属感。这有助于提升他们在心理层面应对现实挑战的能力和韧性。此外，随着社交媒体的普及与多样化，部分年轻人渴望多平台、多角度展示自己。“寺庙游”和“上香”不啻为热点话题，由此带来的互动和关注同样可以在一定程度上满足年轻人的社交需求，激发了他们对“上香”活动的热忱。
文化与美的体验。许多寺庙不仅是宗教场所，也是文化遗产，承载着悠久的历史与深厚的文化积淀。年轻人参与“上香”活动时能体验到中华优秀传统文化和寺庙环境的韵味。古朴典雅的寺庙建筑、精美绝伦的雕塑与壁画都是岁月的见证者，是历史沉淀下的艺术瑰宝；宁静祥和的寺庙环境与周边自然景观相映生辉，为来客提供远离都市喧嚣、亲近自然的栖息之地。在这里，年轻人沐浴着自然与人文的和谐共生，在幽幽梵音中体会古人对信仰的追求，从中窥见时间的痕迹，感悟生命的流转与价值，获得超脱尘世的精神舒展。尤其是近年来一些寺庙的文创产品和沉浸式体验方式，契合年轻人的审美与喜好，将中华优秀传统文化与现代设计或技术手段相结合，新颖且富有创意，改变了年轻人心中对于寺庙庄严肃穆的印象。如“十八子手串”“寺庙文创雪糕”等周边产品使年轻人乐于参与“寺庙游”活动，寺庙禅意价值的具象化进一步拉近了他们与中华优秀传统文化的距离。
现实驱动与愿景。不论是“上香”，还是“塔罗牌”“星座”等，部分年轻人对于命运预测的需求增加，意味着他们在生活压力之下的控制感有所降低。受教育程度较高的年轻人未尝不知求神拜佛在客观上并不能起到实质性作用，但他们仍想要寻求心灵的寄托。在某种程度上，祈求寺庙的神佛保佑可以产生心理上的“安慰剂效应”与自我暗示，这种信念可以影响人的主观能动性，进而影响行为与决策。通过向神明祈祷与许愿，年轻人能够将自己寻求学业、事业进步等方面的目标清晰化，借助“上香”这种仪式性行为，增加对生活事件的掌控感。多数年轻人能保持理性思考，他们明白切实的行动才是迈向成功的关键，寺庙的祈福只是在心理上给予自己安慰和动力，而要真正实现目标还需付出努力和汗水。
情感联结与怀旧。对于一些年轻人而言，去寺庙“上香”是对过往的回忆与缅怀，是一种增强与故乡、亲人情感联结的温暖寄托。不少年轻人因求学、工作而漂泊异乡，独自拼搏，面对生活压力的侵袭，常常产生孤独感和失落感。在这样的时刻，寺庙里宁静祥和的氛围和庄重肃穆的仪式，如同久违的温馨怀抱，能够唤起他们的童年回忆、对家乡亲人的思念以及熟悉的民俗体验。如此，“上香”能够纾解年轻人的怀旧情愫，让他们在新的生活环境中寻找到家乡文化的延续，建立起与家人、祖辈、乡土文化间的情感纽带。
社会赋能与个体成长如何协同发展？
党的二十大报告指出：“全党要把青年工作作为战略性工作来抓，用党的科学理论武装青年，用党的初心使命感召青年，做青年朋友的知心人、青年工作的热心人、青年群众的引路人。”这一论断体现了青年工作在党和国家事业全局中的重要战略地位，为做好新时代党的青年工作指明了前进方向、提供了根本遵循。青年强，则国家强，当代青年肩负着实现中华民族伟大复兴的时代使命。青年时期是个体思想形成和价值观确立的关键期，因此“用社会主义核心价值观铸魂育人”是新时代的重要课题。各级学校特别是高等学校，应充分发挥立德树人、导向赋能的主阵地作用，把社会主义核心价值观融入学校教育教学全过程；注重运用数字化技术赋能课堂，使社会主义核心价值观在高校落地生根、开枝散叶，成为校园文化的主旋律，从而加强年轻一代的思想认同，坚定其理想信念，强化其家国情怀和责任意识。此外，在社会层面也要重视面向年轻人的宣传和传播工作。通过创新活动载体，用年轻人喜闻乐见的方式宣扬社会主义核心价值观，如组织多样化的活动、培训和竞赛等方式，有效拓宽和延伸年轻人对社会主义核心价值观的认知渠道。要讲好中国故事，用英雄模范和先进典型的真实事迹引导年轻人成长，促使他们将社会主义核心价值观内化于心、外化于行，积极投身新时代中国特色社会主义伟大实践，更好地实现人生价值。
准确把握政策导向，做好年轻人工作要直面他们在心理、情感、文化等方面的客观需求和主观期待，充分关爱和支持年轻人，肯定他们的奋斗与努力，认同他们正逐步成为社会中坚力量，并提供强有力的保障。当下年轻人面临着就业和工作压力。为应对现实挑战，在社会层面，需要政府与企业协同发力。各地政府部门需强化组织领导作用，加大对吸纳就业能力强的企业的政策和资金支持力度，坚持市场导向和政府促进并重，用政策“礼包”鼓励各类市场主体特别是民营企业积极创造岗位。鼓励年轻人到基层就业，引导年轻人沉下身子，投身于社区治理、乡村振兴等基层工作，在实践中锻炼意志、提高能力，拓展自身的发展空间。积极扶持有知识技能和创新理念的年轻人创新创业，通过英才计划、科技孵化、税收优惠等政策，打造年轻人干事创业的平台，建立绩效和贡献导向的评价体系和激励机制，鼓励年轻人走科技创新的成才之路。不断完善婚育、住房、医疗等方面的社会保障措施，提升年轻人的生活质量，释放他们的创造活力，增强他们的获得感。另外，还需要为年轻人提供有针对性的社会心理服务。据此，可以建立多元化的心理疏导和心理健康教育渠道，涵盖校园、社区等领域，为年轻人提供更及时有效的专业化心理支持和帮助。如通过中华优秀传统文化中的“博学笃志”“刚健自强”“厚德载物”等精神内涵助力年轻人成长。
从个体层面看，年轻人应意识到人生选择的多样性。年轻人要善用网络这把“双刃剑”，充分利用丰富网络资源的同时，提升安全意识，避免掉入信息过载的漩涡。尽管互联网技术发展为年轻人提供了丰富的社交平台，但在这些平台上，纷繁复杂的信息让他们在选择时面临困难。暂时遇到挫折的年轻人在接触到这些信息后容易产生错觉，仿佛自己一步没跟上就会被世界远远地抛在后面，而事实并非如此。因此，年轻人需增强认知的灵活性，审慎评估自身能力特长和内心真实想法。年轻人可以尝试培养多元化的兴趣爱好，保持求知欲，利用丰富的网络课程和培训资源，涉猎多领域的知识、技能，拓宽职业选择道路；通过社交平台参与在线社群与讨论，与前辈、朋辈建立良好合作关系，获取多元视角的见解，增加社会支持资源；加强信息检索与分析能力，运用有效的搜索技巧，例如关注行业专家的社交媒体账号以获取有价值的信息；勇于尝试新事物，以增强对社会不确定性的适应能力，并培养情绪管理能力来应对压力。总之，每个人都是自己生活的编剧，个体在不同阶段取得成就的速度和路径可能有所差异。不论是年少有为还是大器晚成，个体都能拓展生命的宽度，使人生丰富多彩。
倡导成长型思维的理念。美国心理学家卡罗·德威克（Carol Dweck）的研究发现，人们关于能力可塑性的内隐信念大致分为两种：固定型思维和成长型思维。持固定型思维的个体认为能力是固定的，对自身能力和外界环境的可塑性认识不足；在学习和工作中，他们更加关注与其他人的竞争而非自我提升；在遇到挫折时，他们容易将其归因于命运或运气的影响，或者是自身能力不足，进而产生无助感和消极情绪，从而更早地放弃努力。与此不同的是，持有成长型思维的个体相信能力和境遇具有可塑性，可以通过学习和努力加以改善；他们重视努力的意义，认为影响事业成败的主要因素是个人努力而不是先天禀赋；在遭遇挫折时，他们会从中总结经验，进而尝试更为有效的策略去解决困难；他们乐于接纳不同的意见，善于从他人的成功中汲取灵感。研究表明，如成长型思维或固定型思维这样的内隐信念，虽然在日常生活中不易被人们觉察，但却对个体的思想和行动有着深刻的影响。在学业和职业发展上，持有成长型思维的个体通常拥有更丰富的心理资源，愿意采取积极的行动来应对挑战，较少出现适应不良和心理困扰。奋斗是年轻人的底色和追求，年轻人要培养成长型思维，用青春之奋斗攻坚克难、不断进取，努力为国家、社会和个人创造光明的未来。
"
环球网,网页, 2023/3/24 01:41,,,张颐武：不妨从流行文化视角看年轻人“上香”,"最近，一些年轻人中流行到寺庙“上香”的情况受到了关注，并被各种解读。有关于年轻人“不上课不上进只上香”、年纪轻轻就消极逃避的担忧，也有关于“忧心年轻人上香，不如关心他们在求什么”的现实思考，为我们理解这一现象提供了更丰富的维度。不过，笔者倒是认为，讨论这一现象，不妨从流行文化的视角去看。
“上香”从传统上来讲的确是一种求神拜佛的仪式，但时至今日年轻人中流行的“上香”，其实已经和某些具体的宗教信仰没多大关联，也不是想要刻意地去表达某种虔诚的皈依。因此，这种流行的“上香”现象，不能简单地理解为在宗教中寻找某种信仰，其本质更接近一种表达对生活的期许和希望的“有趣形式”，是从中获得某些安慰的短暂行为或者“心理游戏”，也带有一定的社交互动和体验属性。它既不构成社会主流价值之外的选择，也不构成对现实生活的某种替代，而是一种有特殊意义的流行文化“形式”。
应该说，当下的年轻人确实在成长和步入独立生活的过程中面临着一些现实的问题，无论是个人的发展、感情的归属，还是社会关系的相处和经济上的期许还难以满足等，都有一些具体的困扰。这些问题在不同时代有不同的具体表现，每个时代的年轻人其实多多少少都会有类似的感受，年轻人寻求某些“减压”的方式也是常见的，无需感到过度惊讶。从前两年算命和命理师的流行，到现在“上香”的流行，年轻人其实都是抱着迷信不可信但不妨碍用这种形式为自己寻求某种心理安慰和寄托的心态，甚至一些年轻人在生活中呈现出来的状态是越努力越上香。
当然，这并不是说我们应该鼓励这种形式的“流行文化”。它作为一种“流行文化”的出现和发展，有社会经济文化环境的影响因素，也有其自身发展演变的逻辑。但是，现世的困扰和问题只能靠现实的努力和争取来超越和解决，这是历久不变的道理，也是年轻人面对困难的必然选择。“上香”不会产生具体的作用，在提高更好地面对生活的能力或勇气上的成效也很难讲。
不过，笔者认为，“上香”在年轻人中的流行，反过来提醒我们的社会需要在“励志文化”上做得更多。在对年轻人的具体问题有深入了解认知和切实关切的同时，激发他们通过努力来争取美好未来的信心，这应是“励志文化”的精髓。“励志文化”不应该被认为是空洞的和不切实际的，被说成是对年轻人的关切缺少体察的。人们常说的一代人有一代人的烦恼，虽然具体的情况不同，但“励志文化”在今天的环境下其实更加需要。
一方面，更多地从当下的处境出发去传递对现实年轻人状况的切实分析，既正视他们的困难，社会也应该更多地帮助他们更顺畅地在生活中取得进步，但同时也要认识到社会永远也不可能包办或自然而然地解决一切问题，最终个体生活的具体问题和苦恼都要依靠自己的努力奋斗去解决。另一方面，对于年轻人的困惑和迷茫，需要有更多比算命和“上香”更具体更切实的疏导渠道，如在心理方面的支持，在生活经验与成长路径上的辅导和支持，在人生各种具体问题上更实际的知识方面的支持。这些并不是专门的知识学习，但其实是相当需要的。"
